{"id":"04d5a657-f300-40ef-877a-187537d6dfc1","name":"PLASTIC PIPING SYSTEMS FOR LIQUID FUELS AND FUEL VAPOURS TYPE SMARTFLEX AND SUPERSMARTFLEX","declared_unit":"M","version":"1.1","published_date":1546300800,"valid_until":1767225600,"format_version":"1.1.5","source":null,"reference_service_life":null,"standard":"EN15804A1","comment":null,"location":"RER","subtype":"Generic","conversions":[],"gwp":{"a1a3":948.0,"a4":44.0,"a5":394.0,"b1":0.0,"b2":0.0,"b3":0.0,"b4":0.0,"b5":0.0,"b6":0.0,"b7":0.0,"c1":0.155,"c2":1.36,"c3":24.0,"c4":0.0,"d":-55.4},"odp":{"a1a3":7.37e-6,"a4":7.55e-15,"a5":1.43e-7,"b1":0.0,"b2":0.0,"b3":0.0,"b4":0.0,"b5":0.0,"b6":0.0,"b7":0.0,"c1":4.63e-15,"c2":2.22e-16,"c3":1.12e-14,"c4":0.0,"d":3.35e-12},"ap":{"a1a3":1.97,"a4":0.886,"a5":2.62,"b1":0.0,"b2":0.0,"b3":0.0,"b4":0.0,"b5":0.0,"b6":0.0,"b7":0.0,"c1":0.000325,"c2":0.00102,"c3":0.00611,"c4":0.0,"d":-0.0863},"ep":{"a1a3":0.203,"a4":0.0959,"a5":0.523,"b1":0.0,"b2":0.0,"b3":0.0,"b4":0.0,"b5":0.0,"b6":0.0,"b7":0.0,"c1":0.000036,"c2":0.000205,"c3":0.00124,"c4":0.0,"d":-0.0104},"pocp":{"a1a3":0.299,"a4":0.0467,"a5":0.224,"b1":0.0,"b2":0.0,"b3":0.0,"b4":0.0,"b5":0.0,"b6":0.0,"b7":0.0,"c1":0.0000232,"c2":0.0000194,"c3":0.00065,"c4":0.0,"d":-0.0138},"adpe":{"a1a3":0.0169,"a4":2.23e-6,"a5":0.0000387,"b1":0.0,"b2":0.0,"b3":0.0,"b4":0.0,"b5":0.0,"b6":0.0,"b7":0.0,"c1":5.18e-8,"c2":1.12e-7,"c3":1.15e-6,"c4":0.0,"d":-0.0000986},"adpf":{"a1a3":26300.0,"a4":560.0,"a5":5280.0,"b1":0.0,"b2":0.0,"b3":0.0,"b4":0.0,"b5":0.0,"b6":0.0,"b7":0.0,"c1":1.72,"c2":18.4,"c3":37.8,"c4":0.0,"d":-1330.0},"penre":{"a1a3":15100.0,"a4":562.0,"a5":5630.0,"b1":0.0,"b2":0.0,"b3":0.0,"b4":0.0,"b5":0.0,"b6":0.0,"b7":0.0,"c1":2.78,"c2":18.5,"c3":344.0,"c4":0.0,"d":-1440.0},"pere":{"a1a3":2370.0,"a4":13.6,"a5":307.0,"b1":0.0,"b2":0.0,"b3":0.0,"b4":0.0,"b5":0.0,"b6":0.0,"b7":0.0,"c1":1.23,"c2":1.04,"c3":5.5,"c4":0.0,"d":-161.0},"perm":{"a1a3":182.0,"a4":0.0,"a5":-15.3,"b1":0.0,"b2":0.0,"b3":0.0,"b4":0.0,"b5":0.0,"b6":0.0,"b7":0.0,"c1":0.0,"c2":0.0,"c3":0.0,"c4":0.0,"d":0.0},"pert":{"a1a3":2550.0,"a4":13.6,"a5":292.0,"b1":0.0,"b2":0.0,"b3":0.0,"b4":0.0,"b5":0.0,"b6":0.0,"b7":0.0,"c1":1.23,"c2":1.04,"c3":5.31,"c4":0.0,"d":-161.0},"penrt":{"a1a3":27200.0,"a4":562.0,"a5":5310.0,"b1":0.0,"b2":0.0,"b3":0.0,"b4":0.0,"b5":0.0,"b6":0.0,"b7":0.0,"c1":2.78,"c2":18.5,"c3":45.0,"c4":0.0,"d":-1440.0},"penrm":{"a1a3":12000.0,"a4":0.0,"a5":-325.0,"b1":0.0,"b2":0.0,"b3":0.0,"b4":0.0,"b5":0.0,"b6":0.0,"b7":0.0,"c1":0.0,"c2":0.0,"c3":-299.0,"c4":0.0,"d":0.0},"sm":{"a1a3":0.0,"a4":0.0,"a5":0.0,"b1":0.0,"b2":0.0,"b3":0.0,"b4":0.0,"b5":0.0,"b6":0.0,"b7":0.0,"c1":0.0,"c2":0.0,"c3":0.0,"c4":0.0,"d":6.23},"rsf":{"a1a3":0.0,"a4":0.0,"a5":0.0,"b1":0.0,"b2":0.0,"b3":0.0,"b4":0.0,"b5":0.0,"b6":0.0,"b7":0.0,"c1":0.0,"c2":0.0,"c3":0.0,"c4":0.0,"d":0.0},"nrsf":{"a1a3":0.0,"a4":0.0,"a5":0.0,"b1":0.0,"b2":0.0,"b3":0.0,"b4":0.0,"b5":0.0,"b6":0.0,"b7":0.0,"c1":0.0,"c2":0.0,"c3":0.0,"c4":0.0,"d":0.0},"fw":{"a1a3":5.85,"a4":0.0166,"a5":0.446,"b1":0.0,"b2":0.0,"b3":0.0,"b4":0.0,"b5":0.0,"b6":0.0,"b7":0.0,"c1":0.00142,"c2":0.0012,"c3":0.0583,"c4":0.0,"d":-0.268},"hwd":{"a1a3":0.0000316,"a4":0.0000101,"a5":0.000227,"b1":0.0,"b2":0.0,"b3":0.0,"b4":0.0,"b5":0.0,"b6":0.0,"b7":0.0,"c1":1.15e-9,"c2":8.6e-7,"c3":2.39e-8,"c4":0.0,"d":-4.93e-7},"nhwd":{"a1a3":47.4,"a4":0.0698,"a5":21.4,"b1":0.0,"b2":0.0,"b3":0.0,"b4":0.0,"b5":0.0,"b6":0.0,"b7":0.0,"c1":0.00197,"c2":0.00283,"c3":1.04,"c4":0.0,"d":-1.06},"rwd":{"a1a3":0.325,"a4":0.000785,"a5":0.0131,"b1":0.0,"b2":0.0,"b3":0.0,"b4":0.0,"b5":0.0,"b6":0.0,"b7":0.0,"c1":0.000422,"c2":0.0000229,"c3":0.0028,"c4":0.0,"d":-0.0447},"cru":{"a1a3":4.0,"a4":0.0,"a5":0.0,"b1":0.0,"b2":0.0,"b3":0.0,"b4":0.0,"b5":0.0,"b6":0.0,"b7":0.0,"c1":0.0,"c2":0.0,"c3":0.0,"c4":0.0,"d":0.0},"mfr":{"a1a3":0.0,"a4":0.0,"a5":7.98,"b1":0.0,"b2":0.0,"b3":0.0,"b4":0.0,"b5":0.0,"b6":0.0,"b7":0.0,"c1":0.0,"c2":0.0,"c3":6.01,"c4":0.0,"d":0.0},"mer":{"a1a3":0.0,"a4":0.0,"a5":0.0,"b1":0.0,"b2":0.0,"b3":0.0,"b4":0.0,"b5":0.0,"b6":0.0,"b7":0.0,"c1":0.0,"c2":0.0,"c3":0.0,"c4":0.0,"d":0.0},"eee":{"a1a3":0.0,"a4":0.0,"a5":42.5,"b1":0.0,"b2":0.0,"b3":0.0,"b4":0.0,"b5":0.0,"b6":0.0,"b7":0.0,"c1":0.0,"c2":0.0,"c3":44.2,"c4":0.0,"d":0.0},"eet":{"a1a3":0.0,"a4":0.0,"a5":84.9,"b1":0.0,"b2":0.0,"b3":0.0,"b4":0.0,"b5":0.0,"b6":0.0,"b7":0.0,"c1":0.0,"c2":0.0,"c3":79.0,"c4":0.0,"d":0.0},"meta_data":null}