{"id":"06114bcf-701f-4b13-93ea-77dcf34ce784","name":"Porcelain stoneware and single firing white body ceramic tiles and slabs0039","declared_unit":"M2","version":"1.1","published_date":1451606400,"valid_until":1672531200,"format_version":"1.1.5","source":null,"reference_service_life":null,"standard":"EN15804A1","comment":null,"location":"GLO","subtype":"Specific","conversions":[{"value":16.3,"to":"KG","meta_data":"{\"name\":\"grammage\",\"value\":\"16.3\",\"unit\":\"kg/m^2\",\"unitDescription\":\"kilograms per square metre\"}"}],"gwp":{"a1a3":10.5,"a4":0.44,"a5":2.41,"b1":null,"b2":0.0404,"b3":null,"b4":null,"b5":null,"b6":null,"b7":null,"c1":null,"c2":0.0389,"c3":0.0377,"c4":0.102,"d":-0.199},"odp":{"a1a3":1.31e-10,"a4":1.61e-14,"a5":1.13e-11,"b1":null,"b2":7.63e-12,"b3":null,"b4":null,"b5":null,"b6":null,"b7":null,"c1":null,"c2":1.38e-15,"c3":1.7e-14,"c4":2.31e-14,"d":-7.34e-13},"ap":{"a1a3":0.0222,"a4":0.00362,"a5":0.0036,"b1":null,"b2":0.0000585,"b3":null,"b4":null,"b5":null,"b6":null,"b7":null,"c1":null,"c2":0.000171,"c3":0.000269,"c4":0.000603,"d":-0.000506},"ep":{"a1a3":0.00303,"a4":0.000404,"a5":0.00075,"b1":null,"b2":0.0000447,"b3":null,"b4":null,"b5":null,"b6":null,"b7":null,"c1":null,"c2":0.0000433,"c3":0.0000648,"c4":0.0000833,"d":-0.0000836},"pocp":{"a1a3":0.00159,"a4":0.000186,"a5":0.000264,"b1":null,"b2":6.56e-6,"b3":null,"b4":null,"b5":null,"b6":null,"b7":null,"c1":null,"c2":-0.0000672,"c3":0.0000294,"c4":0.0000469,"d":-0.0000545},"adpe":{"a1a3":0.00036,"a4":3.2e-8,"a5":0.0000275,"b1":null,"b2":1.33e-8,"b3":null,"b4":null,"b5":null,"b6":null,"b7":null,"c1":null,"c2":4.13e-9,"c3":4.98e-8,"c4":3.91e-8,"d":-8.58e-8},"adpf":{"a1a3":154.0,"a4":5.82,"a5":17.6,"b1":null,"b2":0.346,"b3":null,"b4":null,"b5":null,"b6":null,"b7":null,"c1":null,"c2":0.685,"c3":0.734,"c4":1.32,"d":-3.68},"penre":{"a1a3":160.0,"a4":5.85,"a5":19.8,"b1":null,"b2":0.367,"b3":null,"b4":null,"b5":null,"b6":null,"b7":null,"c1":null,"c2":0.688,"c3":0.763,"c4":1.37,"d":-4.31},"pere":{"a1a3":34.7,"a4":0.238,"a5":13.9,"b1":null,"b2":0.0187,"b3":null,"b4":null,"b5":null,"b6":null,"b7":null,"c1":null,"c2":0.0379,"c3":0.0512,"c4":0.169,"d":-1.77},"perm":{"a1a3":7.05,"a4":0.0,"a5":-7.5,"b1":null,"b2":0.0,"b3":null,"b4":null,"b5":null,"b6":null,"b7":null,"c1":null,"c2":0.0,"c3":0.0,"c4":0.0,"d":0.0},"pert":{"a1a3":41.8,"a4":0.238,"a5":7.26,"b1":null,"b2":0.0187,"b3":null,"b4":null,"b5":null,"b6":null,"b7":null,"c1":null,"c2":0.0379,"c3":0.0512,"c4":0.169,"d":-1.77},"penrt":{"a1a3":161.0,"a4":5.85,"a5":18.8,"b1":null,"b2":0.367,"b3":null,"b4":null,"b5":null,"b6":null,"b7":null,"c1":null,"c2":0.688,"c3":0.763,"c4":1.37,"d":-4.31},"penrm":{"a1a3":1.16,"a4":0.0,"a5":-1.23,"b1":null,"b2":0.0,"b3":null,"b4":null,"b5":null,"b6":null,"b7":null,"c1":null,"c2":0.0,"c3":0.0,"c4":0.0,"d":0.0},"sm":{"a1a3":3.19,"a4":0.0,"a5":0.207,"b1":null,"b2":0.0,"b3":null,"b4":null,"b5":null,"b6":null,"b7":null,"c1":null,"c2":0.0,"c3":0.0,"c4":0.0,"d":11.4},"rsf":{"a1a3":0.0,"a4":0.0,"a5":0.0,"b1":null,"b2":0.0,"b3":null,"b4":null,"b5":null,"b6":null,"b7":null,"c1":null,"c2":0.0,"c3":0.0,"c4":0.0,"d":0.0},"nrsf":{"a1a3":0.0,"a4":0.0,"a5":0.0,"b1":null,"b2":0.0,"b3":null,"b4":null,"b5":null,"b6":null,"b7":null,"c1":null,"c2":0.0,"c3":0.0,"c4":0.0,"d":0.0},"fw":{"a1a3":0.0416,"a4":0.000439,"a5":0.00657,"b1":null,"b2":0.000284,"b3":null,"b4":null,"b5":null,"b6":null,"b7":null,"c1":null,"c2":0.0000699,"c3":0.000231,"c4":0.000261,"d":-0.00108},"hwd":{"a1a3":0.00128,"a4":2.37e-7,"a5":0.0000836,"b1":null,"b2":0.00254,"b3":null,"b4":null,"b5":null,"b6":null,"b7":null,"c1":null,"c2":3.98e-8,"c3":2.46e-8,"c4":2.35e-8,"d":-2.37e-8},"nhwd":{"a1a3":0.807,"a4":0.000368,"a5":1.28,"b1":null,"b2":0.00572,"b3":null,"b4":null,"b5":null,"b6":null,"b7":null,"c1":null,"c2":0.0000576,"c3":0.000162,"c4":6.41,"d":-0.606},"rwd":{"a1a3":0.00266,"a4":0.000011,"a5":0.000457,"b1":null,"b2":8.51e-6,"b3":null,"b4":null,"b5":null,"b6":null,"b7":null,"c1":null,"c2":9.41e-7,"c3":0.0000117,"c4":0.0000198,"d":-0.000249},"cru":{"a1a3":0.0,"a4":0.0,"a5":0.147,"b1":null,"b2":0.0,"b3":null,"b4":null,"b5":null,"b6":null,"b7":null,"c1":null,"c2":0.0,"c3":0.0,"c4":0.0,"d":0.0},"mfr":{"a1a3":0.0,"a4":0.0,"a5":0.159,"b1":null,"b2":0.0,"b3":null,"b4":null,"b5":null,"b6":null,"b7":null,"c1":null,"c2":0.0,"c3":14.9,"c4":0.0,"d":0.0},"mer":{"a1a3":0.0,"a4":0.0,"a5":0.0,"b1":null,"b2":0.0,"b3":null,"b4":null,"b5":null,"b6":null,"b7":null,"c1":null,"c2":0.0,"c3":0.0,"c4":0.0,"d":0.0},"eee":{"a1a3":0.0,"a4":0.0,"a5":0.525,"b1":null,"b2":0.0,"b3":null,"b4":null,"b5":null,"b6":null,"b7":null,"c1":null,"c2":0.0,"c3":0.0,"c4":0.0,"d":0.0},"eet":{"a1a3":0.0,"a4":0.0,"a5":0.781,"b1":null,"b2":0.0,"b3":null,"b4":null,"b5":null,"b6":null,"b7":null,"c1":null,"c2":0.0,"c3":0.0,"c4":0.0,"d":0.0},"meta_data":null}