{"id":"073460b5-315d-4480-af0f-e54b496204cd","name":"Tropea S Block","declared_unit":"KG","version":"1.1","published_date":1546300800,"valid_until":1767225600,"format_version":"1.1.5","source":null,"reference_service_life":null,"standard":"EN15804A2","comment":null,"location":"GLO","subtype":"Generic","conversions":[],"gwp":{"a1a3":null,"a4":0.62,"a5":2.9,"b1":null,"b2":null,"b3":null,"b4":null,"b5":null,"b6":17.2,"b7":null,"c1":0.128,"c2":0.311,"c3":4.46,"c4":0.371,"d":-5.71},"odp":{"a1a3":null,"a4":1.04e-16,"a5":1.89e-11,"b1":null,"b2":null,"b3":null,"b4":null,"b5":null,"b6":2.68e-13,"b7":null,"c1":3.04e-15,"c2":5.47e-17,"c3":4.63e-15,"c4":9.31e-16,"d":-3.14e-10},"ap":{"a1a3":null,"a4":0.00245,"a5":0.000588,"b1":null,"b2":null,"b3":null,"b4":null,"b5":null,"b6":0.0168,"b7":null,"c1":0.00017,"c2":0.000252,"c3":0.00143,"c4":0.00088,"d":-0.00896},"ep":null,"pocp":{"a1a3":null,"a4":0.00245,"a5":0.000588,"b1":null,"b2":null,"b3":null,"b4":null,"b5":null,"b6":0.0168,"b7":null,"c1":0.00017,"c2":0.000252,"c3":0.00143,"c4":0.00088,"d":-0.00896},"adpe":{"a1a3":null,"a4":2.76e-8,"a5":3.12e-6,"b1":null,"b2":null,"b3":null,"b4":null,"b5":null,"b6":2.93e-6,"b7":null,"c1":3.73e-8,"c2":1.44e-8,"c3":-0.0000134,"c4":2.62e-8,"d":-1.12e-6},"adpf":{"a1a3":null,"a4":8.29,"a5":4.06,"b1":null,"b2":null,"b3":null,"b4":null,"b5":null,"b6":276.0,"b7":null,"c1":2.26,"c2":4.2,"c3":15.2,"c4":5.43,"d":-128.0},"penre":{"a1a3":null,"a4":8.32,"a5":3.49,"b1":null,"b2":null,"b3":null,"b4":null,"b5":null,"b6":276.0,"b7":null,"c1":2.26,"c2":4.22,"c3":67.3,"c4":5.43,"d":-128.0},"pere":{"a1a3":null,"a4":0.0425,"a5":2.18,"b1":null,"b2":null,"b3":null,"b4":null,"b5":null,"b6":42.2,"b7":null,"c1":1.04,"c2":0.0224,"c3":2.14,"c4":0.41,"d":-10.3},"perm":{"a1a3":null,"a4":0.0,"a5":-1.63,"b1":null,"b2":null,"b3":null,"b4":null,"b5":null,"b6":0.0,"b7":null,"c1":0.0,"c2":0.0,"c3":0.0,"c4":0.0,"d":0.0},"pert":{"a1a3":null,"a4":0.0425,"a5":0.549,"b1":null,"b2":null,"b3":null,"b4":null,"b5":null,"b6":42.2,"b7":null,"c1":1.04,"c2":0.0224,"c3":2.14,"c4":0.41,"d":-10.3},"penrt":{"a1a3":null,"a4":8.32,"a5":4.06,"b1":null,"b2":null,"b3":null,"b4":null,"b5":null,"b6":276.0,"b7":null,"c1":2.26,"c2":4.22,"c3":15.2,"c4":5.43,"d":-128.0},"penrm":{"a1a3":null,"a4":0.0,"a5":0.571,"b1":null,"b2":null,"b3":null,"b4":null,"b5":null,"b6":0.0,"b7":null,"c1":0.0,"c2":0.0,"c3":-52.0,"c4":0.0,"d":0.0},"sm":{"a1a3":null,"a4":0.0,"a5":0.0232,"b1":null,"b2":null,"b3":null,"b4":null,"b5":null,"b6":0.0,"b7":null,"c1":0.0,"c2":0.0,"c3":0.0,"c4":0.0,"d":0.0},"rsf":{"a1a3":null,"a4":0.0,"a5":0.0,"b1":null,"b2":null,"b3":null,"b4":null,"b5":null,"b6":0.0,"b7":null,"c1":0.0,"c2":0.0,"c3":0.0,"c4":0.0,"d":0.0},"nrsf":{"a1a3":null,"a4":0.0,"a5":0.0,"b1":null,"b2":null,"b3":null,"b4":null,"b5":null,"b6":0.0,"b7":null,"c1":0.0,"c2":0.0,"c3":0.0,"c4":0.0,"d":0.0},"fw":{"a1a3":null,"a4":0.0000617,"a5":0.00171,"b1":null,"b2":null,"b3":null,"b4":null,"b5":null,"b6":0.0559,"b7":null,"c1":0.00101,"c2":0.0000322,"c3":0.0123,"c4":0.000111,"d":-0.0188},"hwd":{"a1a3":null,"a4":7.79e-11,"a5":9.65e-8,"b1":null,"b2":null,"b3":null,"b4":null,"b5":null,"b6":6.27e-8,"b7":null,"c1":5.96e-10,"c2":4.04e-11,"c3":1.59e-9,"c4":9.58e-10,"d":-2.34e-8},"nhwd":{"a1a3":null,"a4":0.000897,"a5":0.349,"b1":null,"b2":null,"b3":null,"b4":null,"b5":null,"b6":0.0677,"b7":null,"c1":0.0016,"c2":0.000459,"c3":0.479,"c4":6.21,"d":-0.0611},"rwd":{"a1a3":null,"a4":0.0000132,"a5":0.000101,"b1":null,"b2":null,"b3":null,"b4":null,"b5":null,"b6":0.0186,"b7":null,"c1":0.000336,"c2":6.93e-6,"c3":0.00101,"c4":0.0000627,"d":-0.00308},"cru":{"a1a3":null,"a4":0.0,"a5":0.0,"b1":null,"b2":null,"b3":null,"b4":null,"b5":null,"b6":0.0,"b7":null,"c1":0.0,"c2":0.0,"c3":0.0,"c4":0.0,"d":0.0},"mfr":{"a1a3":null,"a4":0.0,"a5":1.08,"b1":null,"b2":null,"b3":null,"b4":null,"b5":null,"b6":0.0,"b7":null,"c1":0.0,"c2":0.0,"c3":3.63,"c4":0.0,"d":0.0},"mer":{"a1a3":null,"a4":0.0,"a5":0.0,"b1":null,"b2":null,"b3":null,"b4":null,"b5":null,"b6":0.0,"b7":null,"c1":0.0,"c2":0.0,"c3":0.0,"c4":0.0,"d":0.0},"eee":{"a1a3":null,"a4":0.0,"a5":0.455,"b1":null,"b2":null,"b3":null,"b4":null,"b5":null,"b6":0.0,"b7":null,"c1":0.0,"c2":0.0,"c3":7.11,"c4":0.0,"d":0.0},"eet":{"a1a3":null,"a4":0.0,"a5":0.675,"b1":null,"b2":null,"b3":null,"b4":null,"b5":null,"b6":0.0,"b7":null,"c1":0.0,"c2":0.0,"c3":14.5,"c4":0.0,"d":0.0},"meta_data":null}