{"id":"0799cc2e-eed2-4fe5-8d89-4d243ec15358","name":"Air, wind and water barrier membranes and Vapor control layers: BARRIER ALU NET SD1500","declared_unit":"M2","version":"1.1","published_date":1609459200,"valid_until":1767225600,"format_version":"1.1.5","source":null,"reference_service_life":null,"standard":"EN15804A2","comment":null,"location":"IT","subtype":"Specific","conversions":[],"gwp":{"a1a3":null,"a4":0.00566,"a5":0.11,"b1":0.0,"b2":0.0,"b3":0.0,"b4":0.0,"b5":0.0,"b6":0.0,"b7":0.0,"c1":0.0025,"c2":0.00624,"c3":0.0848,"c4":0.0157,"d":-0.0588},"odp":{"a1a3":null,"a4":0.0,"a5":0.0,"b1":0.0,"b2":0.0,"b3":0.0,"b4":0.0,"b5":0.0,"b6":0.0,"b7":0.0,"c1":0.0,"c2":0.0,"c3":0.0,"c4":0.0,"d":0.0},"ap":{"a1a3":null,"a4":0.000126,"a5":0.000531,"b1":0.0,"b2":0.0,"b3":0.0,"b4":0.0,"b5":0.0,"b6":0.0,"b7":0.0,"c1":5.15e-6,"c2":0.0000176,"c3":0.0000137,"c4":0.0000406,"d":-0.0000848},"ep":null,"pocp":{"a1a3":null,"a4":0.0000916,"a5":0.000264,"b1":0.0,"b2":0.0,"b3":0.0,"b4":0.0,"b5":0.0,"b6":0.0,"b7":0.0,"c1":3.32e-6,"c2":0.0000157,"c3":0.0000102,"c4":0.0000342,"d":-0.000076},"adpe":{"a1a3":null,"a4":3.2e-10,"a5":0.000295,"b1":0.0,"b2":0.0,"b3":0.0,"b4":0.0,"b5":0.0,"b6":0.0,"b7":0.0,"c1":7.28e-10,"c2":4.73e-10,"c3":5.36e-10,"c4":7.99e-10,"d":-9.18e-9},"adpf":{"a1a3":null,"a4":0.0714,"a5":2.56,"b1":0.0,"b2":0.0,"b3":0.0,"b4":0.0,"b5":0.0,"b6":0.0,"b7":0.0,"c1":0.044,"c2":0.0827,"c3":0.0478,"c4":0.169,"d":-1.31},"penre":{"a1a3":null,"a4":0.0715,"a5":1.48,"b1":0.0,"b2":0.0,"b3":0.0,"b4":0.0,"b5":0.0,"b6":0.0,"b7":0.0,"c1":0.044,"c2":0.0828,"c3":1.09,"c4":0.169,"d":-1.31},"pere":{"a1a3":null,"a4":0.0021,"a5":0.284,"b1":0.0,"b2":0.0,"b3":0.0,"b4":0.0,"b5":0.0,"b6":0.0,"b7":0.0,"c1":0.0203,"c2":0.00461,"c3":0.0116,"c4":0.0122,"d":-0.188},"perm":{"a1a3":null,"a4":0.0,"a5":0.00981,"b1":0.0,"b2":0.0,"b3":0.0,"b4":0.0,"b5":0.0,"b6":0.0,"b7":0.0,"c1":0.0,"c2":0.0,"c3":0.0,"c4":0.0,"d":0.0},"pert":null,"penrt":{"a1a3":null,"a4":0.0715,"a5":2.56,"b1":0.0,"b2":0.0,"b3":0.0,"b4":0.0,"b5":0.0,"b6":0.0,"b7":0.0,"c1":0.044,"c2":0.0828,"c3":0.0478,"c4":0.169,"d":-1.31},"penrm":{"a1a3":null,"a4":0.0,"a5":1.08,"b1":0.0,"b2":0.0,"b3":0.0,"b4":0.0,"b5":0.0,"b6":0.0,"b7":0.0,"c1":0.0,"c2":0.0,"c3":-1.04,"c4":0.0,"d":0.0},"sm":{"a1a3":null,"a4":0.0,"a5":0.000132,"b1":0.0,"b2":0.0,"b3":0.0,"b4":0.0,"b5":0.0,"b6":0.0,"b7":0.0,"c1":0.0,"c2":0.0,"c3":0.0,"c4":0.0,"d":0.0},"rsf":{"a1a3":null,"a4":0.0,"a5":0.0,"b1":0.0,"b2":0.0,"b3":0.0,"b4":0.0,"b5":0.0,"b6":0.0,"b7":0.0,"c1":0.0,"c2":0.0,"c3":0.0,"c4":0.0,"d":0.0},"nrsf":{"a1a3":null,"a4":0.0,"a5":0.0,"b1":0.0,"b2":0.0,"b3":0.0,"b4":0.0,"b5":0.0,"b6":0.0,"b7":0.0,"c1":0.0,"c2":0.0,"c3":0.0,"c4":0.0,"d":0.0},"fw":{"a1a3":null,"a4":2.46e-6,"a5":0.000784,"b1":0.0,"b2":0.0,"b3":0.0,"b4":0.0,"b5":0.0,"b6":0.0,"b7":0.0,"c1":0.0000197,"c2":5.28e-6,"c3":0.000193,"c4":5.58e-6,"d":-0.00024},"hwd":{"a1a3":null,"a4":2e-12,"a5":5.16e-10,"b1":0.0,"b2":0.0,"b3":0.0,"b4":0.0,"b5":0.0,"b6":0.0,"b7":0.0,"c1":1.2e-11,"c2":4e-12,"c3":1e-11,"c4":3e-11,"d":-2.16e-10},"nhwd":{"a1a3":null,"a4":9.12e-6,"a5":0.0126,"b1":0.0,"b2":0.0,"b3":0.0,"b4":0.0,"b5":0.0,"b6":0.0,"b7":0.0,"c1":0.0000312,"c2":0.0000123,"c3":0.00141,"c4":0.191,"d":-0.000493},"rwd":{"a1a3":null,"a4":1.04e-7,"a5":0.0000569,"b1":0.0,"b2":0.0,"b3":0.0,"b4":0.0,"b5":0.0,"b6":0.0,"b7":0.0,"c1":6.55e-6,"c2":1e-7,"c3":3.72e-6,"c4":1.77e-6,"d":-0.0000603},"cru":{"a1a3":null,"a4":0.0,"a5":0.0,"b1":0.0,"b2":0.0,"b3":0.0,"b4":0.0,"b5":0.0,"b6":0.0,"b7":0.0,"c1":0.0,"c2":0.0,"c3":0.0,"c4":0.0,"d":0.0},"mfr":{"a1a3":null,"a4":0.0,"a5":0.000766,"b1":0.0,"b2":0.0,"b3":0.0,"b4":0.0,"b5":0.0,"b6":0.0,"b7":0.0,"c1":0.0,"c2":0.0,"c3":0.00695,"c4":0.0,"d":0.0},"mer":{"a1a3":null,"a4":0.0,"a5":0.0,"b1":0.0,"b2":0.0,"b3":0.0,"b4":0.0,"b5":0.0,"b6":0.0,"b7":0.0,"c1":0.0,"c2":0.0,"c3":0.0,"c4":0.0,"d":0.0},"eee":{"a1a3":null,"a4":0.0,"a5":0.00651,"b1":0.0,"b2":0.0,"b3":0.0,"b4":0.0,"b5":0.0,"b6":0.0,"b7":0.0,"c1":0.0,"c2":0.0,"c3":0.173,"c4":0.0,"d":0.0},"eet":{"a1a3":null,"a4":0.0,"a5":0.00863,"b1":0.0,"b2":0.0,"b3":0.0,"b4":0.0,"b5":0.0,"b6":0.0,"b7":0.0,"c1":0.0,"c2":0.0,"c3":0.294,"c4":0.0,"d":0.0},"meta_data":null}