{"id":"0a4c0798-691d-4cf7-aab0-60d8d0155b7e","name":"Air, wind and water barrier membranes and Vapor control layers: TRASPIR EVO 300","declared_unit":"M2","version":"1.1","published_date":1609459200,"valid_until":1767225600,"format_version":"1.1.5","source":null,"reference_service_life":null,"standard":"EN15804A2","comment":null,"location":"IT","subtype":"Specific","conversions":[],"gwp":{"a1a3":null,"a4":0.0355,"a5":0.19,"b1":0.0,"b2":0.0,"b3":0.0,"b4":0.0,"b5":0.0,"b6":0.0,"b7":0.0,"c1":0.00374,"c2":0.00934,"c3":0.087,"c4":0.0235,"d":-0.124},"odp":{"a1a3":null,"a4":0.0,"a5":0.0,"b1":0.0,"b2":0.0,"b3":0.0,"b4":0.0,"b5":0.0,"b6":0.0,"b7":0.0,"c1":0.0,"c2":0.0,"c3":0.0,"c4":0.0,"d":0.0},"ap":{"a1a3":null,"a4":0.000301,"a5":0.00302,"b1":0.0,"b2":0.0,"b3":0.0,"b4":0.0,"b5":0.0,"b6":0.0,"b7":0.0,"c1":7.7e-6,"c2":0.0000263,"c3":0.0000442,"c4":0.0000604,"d":-0.000154},"ep":null,"pocp":{"a1a3":null,"a4":0.000234,"a5":0.00049,"b1":0.0,"b2":0.0,"b3":0.0,"b4":0.0,"b5":0.0,"b6":0.0,"b7":0.0,"c1":4.97e-6,"c2":0.0000235,"c3":0.0000363,"c4":0.0000639,"d":-0.000141},"adpe":{"a1a3":null,"a4":2.83e-9,"a5":0.00419,"b1":0.0,"b2":0.0,"b3":0.0,"b4":0.0,"b5":0.0,"b6":0.0,"b7":0.0,"c1":1.09e-9,"c2":7.08e-10,"c3":3.88e-9,"c4":9.81e-10,"d":-1.81e-8},"adpf":{"a1a3":null,"a4":0.464,"a5":3.18,"b1":0.0,"b2":0.0,"b3":0.0,"b4":0.0,"b5":0.0,"b6":0.0,"b7":0.0,"c1":0.0659,"c2":0.124,"c3":0.346,"c4":0.206,"d":-2.8},"penre":{"a1a3":null,"a4":0.466,"a5":2.36,"b1":0.0,"b2":0.0,"b3":0.0,"b4":0.0,"b5":0.0,"b6":0.0,"b7":0.0,"c1":0.0659,"c2":0.124,"c3":0.842,"c4":0.206,"d":-2.8},"pere":{"a1a3":null,"a4":0.0233,"a5":0.2,"b1":0.0,"b2":0.0,"b3":0.0,"b4":0.0,"b5":0.0,"b6":0.0,"b7":0.0,"c1":0.0304,"c2":0.00691,"c3":0.096,"c4":0.0152,"d":-0.254},"perm":{"a1a3":null,"a4":0.0,"a5":0.0213,"b1":0.0,"b2":0.0,"b3":0.0,"b4":0.0,"b5":0.0,"b6":0.0,"b7":0.0,"c1":0.0,"c2":0.0,"c3":0.0,"c4":0.0,"d":0.0},"pert":null,"penrt":{"a1a3":null,"a4":0.466,"a5":3.2,"b1":0.0,"b2":0.0,"b3":0.0,"b4":0.0,"b5":0.0,"b6":0.0,"b7":0.0,"c1":0.0659,"c2":0.124,"c3":0.346,"c4":0.206,"d":-2.8},"penrm":{"a1a3":null,"a4":0.0,"a5":0.839,"b1":0.0,"b2":0.0,"b3":0.0,"b4":0.0,"b5":0.0,"b6":0.0,"b7":0.0,"c1":0.0,"c2":0.0,"c3":-0.496,"c4":0.0,"d":0.0},"sm":{"a1a3":null,"a4":0.0,"a5":0.000385,"b1":0.0,"b2":0.0,"b3":0.0,"b4":0.0,"b5":0.0,"b6":0.0,"b7":0.0,"c1":0.0,"c2":0.0,"c3":0.0,"c4":0.0,"d":0.0},"rsf":{"a1a3":null,"a4":0.0,"a5":0.0,"b1":0.0,"b2":0.0,"b3":0.0,"b4":0.0,"b5":0.0,"b6":0.0,"b7":0.0,"c1":0.0,"c2":0.0,"c3":0.0,"c4":0.0,"d":0.0},"nrsf":{"a1a3":null,"a4":0.0,"a5":0.0,"b1":0.0,"b2":0.0,"b3":0.0,"b4":0.0,"b5":0.0,"b6":0.0,"b7":0.0,"c1":0.0,"c2":0.0,"c3":0.0,"c4":0.0,"d":0.0},"fw":{"a1a3":null,"a4":0.0000268,"a5":0.000816,"b1":0.0,"b2":0.0,"b3":0.0,"b4":0.0,"b5":0.0,"b6":0.0,"b7":0.0,"c1":0.0000296,"c2":7.91e-6,"c3":0.000259,"c4":0.0000173,"d":-0.00078},"hwd":{"a1a3":null,"a4":2.2e-11,"a5":1.58e-9,"b1":0.0,"b2":0.0,"b3":0.0,"b4":0.0,"b5":0.0,"b6":0.0,"b7":0.0,"c1":1.7e-11,"c2":6e-12,"c3":8e-11,"c4":3.7e-11,"d":-8.18e-10},"nhwd":{"a1a3":null,"a4":0.0000695,"a5":0.0446,"b1":0.0,"b2":0.0,"b3":0.0,"b4":0.0,"b5":0.0,"b6":0.0,"b7":0.0,"c1":0.0000467,"c2":0.0000184,"c3":0.00554,"c4":0.201,"d":-0.00114},"rwd":{"a1a3":null,"a4":8.01e-7,"a5":0.0000506,"b1":0.0,"b2":0.0,"b3":0.0,"b4":0.0,"b5":0.0,"b6":0.0,"b7":0.0,"c1":9.81e-6,"c2":1.5e-7,"c3":0.0000303,"c4":2.43e-6,"d":-0.0000569},"cru":{"a1a3":null,"a4":0.0,"a5":0.0,"b1":0.0,"b2":0.0,"b3":0.0,"b4":0.0,"b5":0.0,"b6":0.0,"b7":0.0,"c1":0.0,"c2":0.0,"c3":0.0,"c4":0.0,"d":0.0},"mfr":{"a1a3":null,"a4":0.0,"a5":0.00178,"b1":0.0,"b2":0.0,"b3":0.0,"b4":0.0,"b5":0.0,"b6":0.0,"b7":0.0,"c1":0.0,"c2":0.0,"c3":0.0676,"c4":0.0,"d":0.0},"mer":{"a1a3":null,"a4":0.0,"a5":0.0,"b1":0.0,"b2":0.0,"b3":0.0,"b4":0.0,"b5":0.0,"b6":0.0,"b7":0.0,"c1":0.0,"c2":0.0,"c3":0.0,"c4":0.0,"d":0.0},"eee":{"a1a3":null,"a4":0.0,"a5":0.0197,"b1":0.0,"b2":0.0,"b3":0.0,"b4":0.0,"b5":0.0,"b6":0.0,"b7":0.0,"c1":0.0,"c2":0.0,"c3":0.102,"c4":0.0,"d":0.0},"eet":{"a1a3":null,"a4":0.0,"a5":0.0181,"b1":0.0,"b2":0.0,"b3":0.0,"b4":0.0,"b5":0.0,"b6":0.0,"b7":0.0,"c1":0.0,"c2":0.0,"c3":0.102,"c4":0.0,"d":0.0},"meta_data":null}