{"id":"0b18264c-993d-4a53-8e09-2eb44d178231","name":"Air, wind and water barrier membranes and Vapor control layers: TRASPIR EVO 160","declared_unit":"M2","version":"1.1","published_date":1609459200,"valid_until":1767225600,"format_version":"1.1.5","source":null,"reference_service_life":null,"standard":"EN15804A2","comment":null,"location":"IT","subtype":"Specific","conversions":[],"gwp":{"a1a3":null,"a4":0.0244,"a5":0.0841,"b1":0.0,"b2":0.0,"b3":0.0,"b4":0.0,"b5":0.0,"b6":0.0,"b7":0.0,"c1":0.00209,"c2":0.00522,"c3":0.0989,"c4":0.00953,"d":-0.108},"odp":{"a1a3":null,"a4":0.0,"a5":0.0,"b1":0.0,"b2":0.0,"b3":0.0,"b4":0.0,"b5":0.0,"b6":0.0,"b7":0.0,"c1":0.0,"c2":0.0,"c3":0.0,"c4":0.0,"d":0.0},"ap":{"a1a3":null,"a4":0.000259,"a5":0.000129,"b1":0.0,"b2":0.0,"b3":0.0,"b4":0.0,"b5":0.0,"b6":0.0,"b7":0.0,"c1":4.3e-6,"c2":0.0000147,"c3":0.0000253,"c4":0.0000274,"d":-0.000162},"ep":null,"pocp":{"a1a3":null,"a4":0.000197,"a5":0.000117,"b1":0.0,"b2":0.0,"b3":0.0,"b4":0.0,"b5":0.0,"b6":0.0,"b7":0.0,"c1":2.77e-6,"c2":0.0000131,"c3":0.0000194,"c4":0.0000226,"d":-0.000156},"adpe":{"a1a3":null,"a4":1.85e-9,"a5":1.55e-6,"b1":0.0,"b2":0.0,"b3":0.0,"b4":0.0,"b5":0.0,"b6":0.0,"b7":0.0,"c1":6.09e-10,"c2":3.95e-10,"c3":1.87e-9,"c4":5.72e-10,"d":-1.51e-8},"adpf":{"a1a3":null,"a4":0.317,"a5":1.73,"b1":0.0,"b2":0.0,"b3":0.0,"b4":0.0,"b5":0.0,"b6":0.0,"b7":0.0,"c1":0.0368,"c2":0.0691,"c3":0.168,"c4":0.121,"d":-2.76},"penre":{"a1a3":null,"a4":0.318,"a5":1.12,"b1":0.0,"b2":0.0,"b3":0.0,"b4":0.0,"b5":0.0,"b6":0.0,"b7":0.0,"c1":0.0368,"c2":0.0692,"c3":1.26,"c4":0.121,"d":-2.76},"pere":{"a1a3":null,"a4":0.0149,"a5":0.113,"b1":0.0,"b2":0.0,"b3":0.0,"b4":0.0,"b5":0.0,"b6":0.0,"b7":0.0,"c1":0.017,"c2":0.00386,"c3":0.0462,"c4":0.00882,"d":-0.237},"perm":{"a1a3":null,"a4":0.0,"a5":0.00651,"b1":0.0,"b2":0.0,"b3":0.0,"b4":0.0,"b5":0.0,"b6":0.0,"b7":0.0,"c1":0.0,"c2":0.0,"c3":0.0,"c4":0.0,"d":0.0},"pert":null,"penrt":{"a1a3":null,"a4":0.318,"a5":1.73,"b1":0.0,"b2":0.0,"b3":0.0,"b4":0.0,"b5":0.0,"b6":0.0,"b7":0.0,"c1":0.0368,"c2":0.0692,"c3":0.168,"c4":0.121,"d":-2.76},"penrm":{"a1a3":null,"a4":0.0,"a5":0.606,"b1":0.0,"b2":0.0,"b3":0.0,"b4":0.0,"b5":0.0,"b6":0.0,"b7":0.0,"c1":0.0,"c2":0.0,"c3":-1.09,"c4":0.0,"d":0.0},"sm":{"a1a3":null,"a4":0.0,"a5":0.000385,"b1":0.0,"b2":0.0,"b3":0.0,"b4":0.0,"b5":0.0,"b6":0.0,"b7":0.0,"c1":0.0,"c2":0.0,"c3":0.0,"c4":0.0,"d":0.0},"rsf":{"a1a3":null,"a4":0.0,"a5":0.0,"b1":0.0,"b2":0.0,"b3":0.0,"b4":0.0,"b5":0.0,"b6":0.0,"b7":0.0,"c1":0.0,"c2":0.0,"c3":0.0,"c4":0.0,"d":0.0},"nrsf":{"a1a3":null,"a4":0.0,"a5":0.0,"b1":0.0,"b2":0.0,"b3":0.0,"b4":0.0,"b5":0.0,"b6":0.0,"b7":0.0,"c1":0.0,"c2":0.0,"c3":0.0,"c4":0.0,"d":0.0},"fw":{"a1a3":null,"a4":0.0000172,"a5":0.000355,"b1":0.0,"b2":0.0,"b3":0.0,"b4":0.0,"b5":0.0,"b6":0.0,"b7":0.0,"c1":0.0000165,"c2":4.42e-6,"c3":0.000244,"c4":3.24e-6,"d":-0.000533},"hwd":{"a1a3":null,"a4":1.4e-11,"a5":7.07e-10,"b1":0.0,"b2":0.0,"b3":0.0,"b4":0.0,"b5":0.0,"b6":0.0,"b7":0.0,"c1":1e-11,"c2":3e-12,"c3":3.9e-11,"c4":2.2e-11,"d":-6.32e-10},"nhwd":{"a1a3":null,"a4":0.0000464,"a5":0.0192,"b1":0.0,"b2":0.0,"b3":0.0,"b4":0.0,"b5":0.0,"b6":0.0,"b7":0.0,"c1":0.0000261,"c2":0.0000103,"c3":0.00246,"c4":0.116,"d":-0.000849},"rwd":{"a1a3":null,"a4":5.34e-7,"a5":0.0000257,"b1":0.0,"b2":0.0,"b3":0.0,"b4":0.0,"b5":0.0,"b6":0.0,"b7":0.0,"c1":5.48e-6,"c2":8.37e-8,"c3":0.0000146,"c4":1.41e-6,"d":-0.000069},"cru":{"a1a3":null,"a4":0.0,"a5":0.0,"b1":0.0,"b2":0.0,"b3":0.0,"b4":0.0,"b5":0.0,"b6":0.0,"b7":0.0,"c1":0.0,"c2":0.0,"c3":0.0,"c4":0.0,"d":0.0},"mfr":{"a1a3":null,"a4":0.0,"a5":0.00145,"b1":0.0,"b2":0.0,"b3":0.0,"b4":0.0,"b5":0.0,"b6":0.0,"b7":0.0,"c1":0.0,"c2":0.0,"c3":0.0316,"c4":0.0,"d":0.0},"mer":{"a1a3":null,"a4":0.0,"a5":0.0,"b1":0.0,"b2":0.0,"b3":0.0,"b4":0.0,"b5":0.0,"b6":0.0,"b7":0.0,"c1":0.0,"c2":0.0,"c3":0.0,"c4":0.0,"d":0.0},"eee":{"a1a3":null,"a4":0.0,"a5":0.0212,"b1":0.0,"b2":0.0,"b3":0.0,"b4":0.0,"b5":0.0,"b6":0.0,"b7":0.0,"c1":0.0,"c2":0.0,"c3":0.154,"c4":0.0,"d":0.0},"eet":{"a1a3":null,"a4":0.0,"a5":0.0323,"b1":0.0,"b2":0.0,"b3":0.0,"b4":0.0,"b5":0.0,"b6":0.0,"b7":0.0,"c1":0.0,"c2":0.0,"c3":0.263,"c4":0.0,"d":0.0},"meta_data":null}