{"id":"0da69f35-a44c-49f0-a00a-4d6a3872fe5a","name":"Pexal® + Pexal® Easy","declared_unit":"M","version":"1.1","published_date":1546300800,"valid_until":1798761600,"format_version":"1.1.5","source":null,"reference_service_life":null,"standard":"EN15804A2","comment":null,"location":"GLO","subtype":"Generic","conversions":[],"gwp":{"a1a3":null,"a4":1.17,"a5":2.2,"b1":0.0,"b2":0.0,"b3":0.0,"b4":0.0,"b5":0.0,"b6":0.0,"b7":0.0,"c1":0.137,"c2":0.362,"c3":4.63,"c4":0.554,"d":-2.49},"odp":{"a1a3":null,"a4":1.93e-16,"a5":1.19e-14,"b1":0.0,"b2":0.0,"b3":0.0,"b4":0.0,"b5":0.0,"b6":0.0,"b7":0.0,"c1":3.25e-15,"c2":6.37e-17,"c3":1.02e-15,"c4":1.39e-15,"d":-2.41e-14},"ap":{"a1a3":null,"a4":0.0056,"a5":0.00391,"b1":0.0,"b2":0.0,"b3":0.0,"b4":0.0,"b5":0.0,"b6":0.0,"b7":0.0,"c1":0.000182,"c2":0.000292,"c3":0.000716,"c4":0.00137,"d":-0.00262},"ep":null,"pocp":{"a1a3":null,"a4":0.0056,"a5":0.00391,"b1":0.0,"b2":0.0,"b3":0.0,"b4":0.0,"b5":0.0,"b6":0.0,"b7":0.0,"c1":0.000182,"c2":0.000292,"c3":0.000716,"c4":0.00137,"d":-0.00262},"adpe":{"a1a3":null,"a4":15.5,"a5":33.5,"b1":0.0,"b2":0.0,"b3":0.0,"b4":0.0,"b5":0.0,"b6":0.0,"b7":0.0,"c1":2.41,"c2":4.89,"c3":1.24,"c4":7.95,"d":-43.4},"adpf":{"a1a3":null,"a4":5.13e-8,"a5":0.0000176,"b1":0.0,"b2":0.0,"b3":0.0,"b4":0.0,"b5":0.0,"b6":0.0,"b7":0.0,"c1":3.99e-8,"c2":1.68e-8,"c3":1.46e-8,"c4":3.9e-8,"d":-3.7e-7},"penre":{"a1a3":null,"a4":15.6,"a5":29.7,"b1":0.0,"b2":0.0,"b3":0.0,"b4":0.0,"b5":0.0,"b6":0.0,"b7":0.0,"c1":2.41,"c2":4.91,"c3":48.7,"c4":7.95,"d":-43.4},"pere":{"a1a3":null,"a4":0.0787,"a5":8.92,"b1":0.0,"b2":0.0,"b3":0.0,"b4":0.0,"b5":0.0,"b6":0.0,"b7":0.0,"c1":1.11,"c2":0.0261,"c3":0.28,"c4":0.616,"d":-8.32},"perm":{"a1a3":null,"a4":0.0,"a5":-0.0223,"b1":0.0,"b2":0.0,"b3":0.0,"b4":0.0,"b5":0.0,"b6":0.0,"b7":0.0,"c1":0.0,"c2":0.0,"c3":0.0,"c4":0.0,"d":0.0},"pert":{"a1a3":null,"a4":0.0787,"a5":8.9,"b1":0.0,"b2":0.0,"b3":0.0,"b4":0.0,"b5":0.0,"b6":0.0,"b7":0.0,"c1":1.11,"c2":0.0261,"c3":0.28,"c4":0.616,"d":-8.32},"penrt":{"a1a3":null,"a4":15.6,"a5":33.5,"b1":0.0,"b2":0.0,"b3":0.0,"b4":0.0,"b5":0.0,"b6":0.0,"b7":0.0,"c1":2.41,"c2":4.91,"c3":1.24,"c4":7.95,"d":-43.4},"penrm":{"a1a3":null,"a4":0.0,"a5":3.82,"b1":0.0,"b2":0.0,"b3":0.0,"b4":0.0,"b5":0.0,"b6":0.0,"b7":0.0,"c1":0.0,"c2":0.0,"c3":-47.5,"c4":0.0,"d":0.0},"sm":{"a1a3":null,"a4":0.0,"a5":0.00553,"b1":0.0,"b2":0.0,"b3":0.0,"b4":0.0,"b5":0.0,"b6":0.0,"b7":0.0,"c1":0.0,"c2":0.0,"c3":0.0,"c4":0.0,"d":0.0},"rsf":{"a1a3":null,"a4":0.0,"a5":0.0,"b1":0.0,"b2":0.0,"b3":0.0,"b4":0.0,"b5":0.0,"b6":0.0,"b7":0.0,"c1":0.0,"c2":0.0,"c3":0.0,"c4":0.0,"d":0.0},"nrsf":{"a1a3":null,"a4":0.0,"a5":0.0,"b1":0.0,"b2":0.0,"b3":0.0,"b4":0.0,"b5":0.0,"b6":0.0,"b7":0.0,"c1":0.0,"c2":0.0,"c3":0.0,"c4":0.0,"d":0.0},"fw":{"a1a3":null,"a4":0.000115,"a5":0.0195,"b1":0.0,"b2":0.0,"b3":0.0,"b4":0.0,"b5":0.0,"b6":0.0,"b7":0.0,"c1":0.00108,"c2":0.0000375,"c3":0.0109,"c4":0.000233,"d":-0.0084},"hwd":{"a1a3":null,"a4":1.45e-10,"a5":6.19e-8,"b1":0.0,"b2":0.0,"b3":0.0,"b4":0.0,"b5":0.0,"b6":0.0,"b7":0.0,"c1":6.38e-10,"c2":4.7e-11,"c3":2.41e-10,"c4":1.38e-9,"d":-9.38e-9},"nhwd":{"a1a3":null,"a4":0.00168,"a5":0.62,"b1":0.0,"b2":0.0,"b3":0.0,"b4":0.0,"b5":0.0,"b6":0.0,"b7":0.0,"c1":0.00171,"c2":0.000534,"c3":0.235,"c4":10.3,"d":-0.019},"rwd":{"a1a3":null,"a4":0.0000244,"a5":0.00101,"b1":0.0,"b2":0.0,"b3":0.0,"b4":0.0,"b5":0.0,"b6":0.0,"b7":0.0,"c1":0.000359,"c2":8.06e-6,"c3":0.0000531,"c4":0.0000907,"d":-0.00268},"cru":{"a1a3":null,"a4":0.0,"a5":0.0,"b1":0.0,"b2":0.0,"b3":0.0,"b4":0.0,"b5":0.0,"b6":0.0,"b7":0.0,"c1":0.0,"c2":0.0,"c3":0.0,"c4":0.0,"d":0.0},"mfr":{"a1a3":null,"a4":0.0,"a5":0.0633,"b1":0.0,"b2":0.0,"b3":0.0,"b4":0.0,"b5":0.0,"b6":0.0,"b7":0.0,"c1":0.0,"c2":0.0,"c3":0.00112,"c4":0.0,"d":0.0},"mer":{"a1a3":null,"a4":0.0,"a5":0.0,"b1":0.0,"b2":0.0,"b3":0.0,"b4":0.0,"b5":0.0,"b6":0.0,"b7":0.0,"c1":0.0,"c2":0.0,"c3":0.0,"c4":0.0,"d":0.0},"eee":{"a1a3":null,"a4":0.0,"a5":0.373,"b1":0.0,"b2":0.0,"b3":0.0,"b4":0.0,"b5":0.0,"b6":0.0,"b7":0.0,"c1":0.0,"c2":0.0,"c3":8.75,"c4":0.0,"d":0.0},"eet":{"a1a3":null,"a4":0.0,"a5":0.675,"b1":0.0,"b2":0.0,"b3":0.0,"b4":0.0,"b5":0.0,"b6":0.0,"b7":0.0,"c1":0.0,"c2":0.0,"c3":16.7,"c4":0.0,"d":0.0},"meta_data":null}