{"id":"0f3ae6eb-563f-471b-810a-a018cec5bc34","name":"POLYETHYLENE PIPING SYSTEM FOR WATER, GAS AND INDUSTRIAL APPLICATIONS TYPE “POLIETILENETUBI” AND ELOFIT","declared_unit":"M","version":"1.1","published_date":1514764800,"valid_until":1704067200,"format_version":"1.1.5","source":null,"reference_service_life":null,"standard":"EN15804A1","comment":null,"location":"GLO","subtype":"Generic","conversions":[{"value":951.0,"to":"KG","meta_data":"{\"name\":\"bulk density\",\"value\":\"951.0\",\"unit\":\"kg/m^3\",\"unitDescription\":\"kilograms per cubic metre\"}"}],"gwp":{"a1a3":479.0,"a4":20.8,"a5":207.0,"b1":0.0,"b2":0.0,"b3":0.0,"b4":0.0,"b5":0.0,"b6":0.0,"b7":0.0,"c1":0.114,"c2":1.01,"c3":17.7,"c4":0.0,"d":-26.7},"odp":{"a1a3":2.03e-10,"a4":4.49e-15,"a5":2.97e-12,"b1":0.0,"b2":0.0,"b3":0.0,"b4":0.0,"b5":0.0,"b6":0.0,"b7":0.0,"c1":3.2e-15,"c2":1.67e-16,"c3":6.33e-15,"c4":0.0,"d":-2.62e-12},"ap":{"a1a3":1.05,"a4":0.182,"a5":1.4,"b1":0.0,"b2":0.0,"b3":0.0,"b4":0.0,"b5":0.0,"b6":0.0,"b7":0.0,"c1":0.000324,"c2":0.000815,"c3":0.00621,"c4":0.0,"d":-0.0495},"ep":{"a1a3":0.118,"a4":0.021,"a5":0.281,"b1":0.0,"b2":0.0,"b3":0.0,"b4":0.0,"b5":0.0,"b6":0.0,"b7":0.0,"c1":0.0000304,"c2":0.00018,"c3":0.00108,"c4":0.0,"d":-0.00559},"pocp":{"a1a3":0.163,"a4":0.00917,"a5":0.12,"b1":0.0,"b2":0.0,"b3":0.0,"b4":0.0,"b5":0.0,"b6":0.0,"b7":0.0,"c1":0.0000206,"c2":0.0000212,"c3":0.000591,"c4":0.0,"d":-0.00696},"adpe":{"a1a3":0.00386,"a4":1.48e-6,"a5":0.0000176,"b1":0.0,"b2":0.0,"b3":0.0,"b4":0.0,"b5":0.0,"b6":0.0,"b7":0.0,"c1":3.64e-8,"c2":7.8e-8,"c3":8.99e-7,"c4":0.0,"d":-0.0000169},"adpf":{"a1a3":16100.0,"a4":275.0,"a5":2840.0,"b1":0.0,"b2":0.0,"b3":0.0,"b4":0.0,"b5":0.0,"b6":0.0,"b7":0.0,"c1":1.23,"c2":13.7,"c3":29.0,"c4":0.0,"d":-671.0},"penre":{"a1a3":7590.0,"a4":277.0,"a5":2960.0,"b1":0.0,"b2":0.0,"b3":0.0,"b4":0.0,"b5":0.0,"b6":0.0,"b7":0.0,"c1":2.07,"c2":13.8,"c3":259.0,"c4":0.0,"d":-733.0},"pere":{"a1a3":1340.0,"a4":12.7,"a5":177.0,"b1":0.0,"b2":0.0,"b3":0.0,"b4":0.0,"b5":0.0,"b6":0.0,"b7":0.0,"c1":0.832,"c2":0.799,"c3":3.54,"c4":0.0,"d":-75.5},"perm":{"a1a3":81.7,"a4":0.0,"a5":-20.6,"b1":0.0,"b2":0.0,"b3":0.0,"b4":0.0,"b5":0.0,"b6":0.0,"b7":0.0,"c1":0.0,"c2":0.0,"c3":0.0,"c4":0.0,"d":0.0},"pert":{"a1a3":1420.0,"a4":12.7,"a5":157.0,"b1":0.0,"b2":0.0,"b3":0.0,"b4":0.0,"b5":0.0,"b6":0.0,"b7":0.0,"c1":0.832,"c2":0.799,"c3":3.54,"c4":0.0,"d":-75.5},"penrt":{"a1a3":16600.0,"a4":277.0,"a5":2860.0,"b1":0.0,"b2":0.0,"b3":0.0,"b4":0.0,"b5":0.0,"b6":0.0,"b7":0.0,"c1":2.07,"c2":13.8,"c3":34.4,"c4":0.0,"d":-733.0},"penrm":{"a1a3":8990.0,"a4":0.0,"a5":-101.0,"b1":0.0,"b2":0.0,"b3":0.0,"b4":0.0,"b5":0.0,"b6":0.0,"b7":0.0,"c1":0.0,"c2":0.0,"c3":-224.0,"c4":0.0,"d":0.0},"sm":{"a1a3":0.0,"a4":0.0,"a5":0.0,"b1":0.0,"b2":0.0,"b3":0.0,"b4":0.0,"b5":0.0,"b6":0.0,"b7":0.0,"c1":0.0,"c2":0.0,"c3":0.0,"c4":0.0,"d":4.41},"rsf":{"a1a3":9.3e-11,"a4":0.0,"a5":9.23e-23,"b1":0.0,"b2":0.0,"b3":0.0,"b4":0.0,"b5":0.0,"b6":0.0,"b7":0.0,"c1":0.0,"c2":0.0,"c3":0.0,"c4":0.0,"d":-1.17e-22},"nrsf":{"a1a3":1.09e-9,"a4":0.0,"a5":1.08e-21,"b1":0.0,"b2":0.0,"b3":0.0,"b4":0.0,"b5":0.0,"b6":0.0,"b7":0.0,"c1":0.0,"c2":0.0,"c3":0.0,"c4":0.0,"d":-1.38e-21},"fw":{"a1a3":3.0,"a4":0.0214,"a5":0.315,"b1":0.0,"b2":0.0,"b3":0.0,"b4":0.0,"b5":0.0,"b6":0.0,"b7":0.0,"c1":0.00098,"c2":0.00135,"c3":0.0425,"c4":0.0,"d":-0.125},"hwd":{"a1a3":0.0000246,"a4":0.0000117,"a5":0.000143,"b1":0.0,"b2":0.0,"b3":0.0,"b4":0.0,"b5":0.0,"b6":0.0,"b7":0.0,"c1":9.88e-10,"c2":7.69e-7,"c3":1.72e-8,"c4":0.0,"d":-2.31e-7},"nhwd":{"a1a3":12.1,"a4":0.0181,"a5":9.67,"b1":0.0,"b2":0.0,"b3":0.0,"b4":0.0,"b5":0.0,"b6":0.0,"b7":0.0,"c1":0.0015,"c2":0.00112,"c3":0.731,"c4":0.0,"d":-0.267},"rwd":{"a1a3":0.194,"a4":0.00051,"a5":0.00723,"b1":0.0,"b2":0.0,"b3":0.0,"b4":0.0,"b5":0.0,"b6":0.0,"b7":0.0,"c1":0.000333,"c2":0.0000187,"c3":0.00211,"c4":0.0,"d":-0.0247},"cru":{"a1a3":0.0,"a4":0.0,"a5":0.0,"b1":0.0,"b2":0.0,"b3":0.0,"b4":0.0,"b5":0.0,"b6":0.0,"b7":0.0,"c1":0.0,"c2":0.0,"c3":0.0,"c4":0.0,"d":0.0},"mfr":{"a1a3":0.0,"a4":0.0,"a5":2.78,"b1":0.0,"b2":0.0,"b3":0.0,"b4":0.0,"b5":0.0,"b6":0.0,"b7":0.0,"c1":0.0,"c2":0.0,"c3":4.24,"c4":0.0,"d":0.0},"mer":{"a1a3":0.0,"a4":0.0,"a5":0.0,"b1":0.0,"b2":0.0,"b3":0.0,"b4":0.0,"b5":0.0,"b6":0.0,"b7":0.0,"c1":0.0,"c2":0.0,"c3":0.0,"c4":0.0,"d":0.0},"eee":{"a1a3":0.0,"a4":0.0,"a5":18.9,"b1":0.0,"b2":0.0,"b3":0.0,"b4":0.0,"b5":0.0,"b6":0.0,"b7":0.0,"c1":0.0,"c2":0.0,"c3":32.7,"c4":0.0,"d":0.0},"eet":{"a1a3":0.0,"a4":0.0,"a5":34.8,"b1":0.0,"b2":0.0,"b3":0.0,"b4":0.0,"b5":0.0,"b6":0.0,"b7":0.0,"c1":0.0,"c2":0.0,"c3":58.2,"c4":0.0,"d":0.0},"meta_data":null}