{"id":"10bf426c-e0aa-47c3-af7b-5c964e0ac610","name":"INFILL PANELS: Thermal break panel (U=0.26 Wm2K), with washed finish, th. cm 30, L=cm 1000","declared_unit":"M2","version":"1.1","published_date":1672531200,"valid_until":1830297600,"format_version":"1.1.5","source":null,"reference_service_life":null,"standard":"EN15804A2","comment":null,"location":"IT","subtype":"Specific","conversions":[],"gwp":{"a1a3":null,"a4":null,"a5":null,"b1":null,"b2":null,"b3":null,"b4":null,"b5":null,"b6":null,"b7":null,"c1":1.136542942821,"c2":4.632742822447,"c3":4.13653634266,"c4":7.886860639268,"d":-15.482160853881},"odp":{"a1a3":null,"a4":null,"a5":null,"b1":null,"b2":null,"b3":null,"b4":null,"b5":null,"b6":null,"b7":null,"c1":2.42805e-7,"c2":1.079394e-6,"c3":5.68934e-7,"c4":1.058083e-6,"d":-6.95547e-7},"ap":{"a1a3":null,"a4":null,"a5":null,"b1":null,"b2":null,"b3":null,"b4":null,"b5":null,"b6":null,"b7":null,"c1":0.011803754684,"c2":0.023440110864,"c3":0.024645138167,"c4":0.034613307447,"d":-0.06842750671},"ep":null,"pocp":{"a1a3":null,"a4":null,"a5":null,"b1":null,"b2":null,"b3":null,"b4":null,"b5":null,"b6":null,"b7":null,"c1":0.0157539541,"c2":0.02517097726,"c3":0.029378991018,"c4":0.041968790647,"d":-0.065904071468},"adpe":{"a1a3":null,"a4":null,"a5":null,"b1":null,"b2":null,"b3":null,"b4":null,"b5":null,"b6":null,"b7":null,"c1":5.84306e-7,"c2":0.000016227073,"c3":7.43439e-6,"c4":7.116519e-6,"d":-0.000193597882},"adpf":{"a1a3":null,"a4":null,"a5":null,"b1":null,"b2":null,"b3":null,"b4":null,"b5":null,"b6":null,"b7":null,"c1":15.583401114391,"c2":70.51854989711,"c3":45.92201950602,"c4":72.672260097837,"d":-180.84381642007},"penre":{"a1a3":null,"a4":null,"a5":null,"b1":null,"b2":null,"b3":null,"b4":null,"b5":null,"b6":null,"b7":null,"c1":0.0,"c2":0.0,"c3":0.0,"c4":0.0,"d":0.0},"pere":{"a1a3":null,"a4":null,"a5":null,"b1":null,"b2":null,"b3":null,"b4":null,"b5":null,"b6":null,"b7":null,"c1":0.0,"c2":0.0,"c3":0.0,"c4":0.0,"d":0.0},"perm":{"a1a3":null,"a4":null,"a5":null,"b1":null,"b2":null,"b3":null,"b4":null,"b5":null,"b6":null,"b7":null,"c1":0.0,"c2":0.0,"c3":0.0,"c4":0.0,"d":0.0},"pert":null,"penrt":{"a1a3":null,"a4":null,"a5":null,"b1":null,"b2":null,"b3":null,"b4":null,"b5":null,"b6":null,"b7":null,"c1":0.0,"c2":0.0,"c3":0.0,"c4":0.0,"d":0.0},"penrm":{"a1a3":null,"a4":null,"a5":null,"b1":null,"b2":null,"b3":null,"b4":null,"b5":null,"b6":null,"b7":null,"c1":0.0,"c2":0.0,"c3":0.0,"c4":0.0,"d":0.0},"sm":{"a1a3":null,"a4":null,"a5":null,"b1":null,"b2":null,"b3":null,"b4":null,"b5":null,"b6":null,"b7":null,"c1":0.0,"c2":0.0,"c3":0.0,"c4":0.0,"d":0.0},"rsf":{"a1a3":null,"a4":null,"a5":null,"b1":null,"b2":null,"b3":null,"b4":null,"b5":null,"b6":null,"b7":null,"c1":0.0,"c2":0.0,"c3":0.0,"c4":0.0,"d":0.0},"nrsf":{"a1a3":null,"a4":null,"a5":null,"b1":null,"b2":null,"b3":null,"b4":null,"b5":null,"b6":null,"b7":null,"c1":0.0,"c2":0.0,"c3":0.0,"c4":0.0,"d":0.0},"fw":{"a1a3":null,"a4":null,"a5":null,"b1":null,"b2":null,"b3":null,"b4":null,"b5":null,"b6":null,"b7":null,"c1":0.0,"c2":0.0,"c3":0.0,"c4":0.0,"d":0.0},"hwd":{"a1a3":null,"a4":null,"a5":null,"b1":null,"b2":null,"b3":null,"b4":null,"b5":null,"b6":null,"b7":null,"c1":0.0,"c2":0.0,"c3":0.0,"c4":0.0,"d":0.0},"nhwd":{"a1a3":null,"a4":null,"a5":null,"b1":null,"b2":null,"b3":null,"b4":null,"b5":null,"b6":null,"b7":null,"c1":0.0,"c2":0.0,"c3":0.0,"c4":0.0,"d":0.0},"rwd":{"a1a3":null,"a4":null,"a5":null,"b1":null,"b2":null,"b3":null,"b4":null,"b5":null,"b6":null,"b7":null,"c1":0.0,"c2":0.0,"c3":0.0,"c4":0.0,"d":0.0},"cru":{"a1a3":null,"a4":null,"a5":null,"b1":null,"b2":null,"b3":null,"b4":null,"b5":null,"b6":null,"b7":null,"c1":0.0,"c2":0.0,"c3":0.0,"c4":0.0,"d":0.0},"mfr":{"a1a3":null,"a4":null,"a5":null,"b1":null,"b2":null,"b3":null,"b4":null,"b5":null,"b6":null,"b7":null,"c1":0.0,"c2":0.0,"c3":0.0,"c4":0.0,"d":0.0},"mer":{"a1a3":null,"a4":null,"a5":null,"b1":null,"b2":null,"b3":null,"b4":null,"b5":null,"b6":null,"b7":null,"c1":0.0,"c2":0.0,"c3":0.0,"c4":0.0,"d":0.0},"eee":{"a1a3":null,"a4":null,"a5":null,"b1":null,"b2":null,"b3":null,"b4":null,"b5":null,"b6":null,"b7":null,"c1":0.0,"c2":0.0,"c3":0.0,"c4":0.0,"d":0.0},"eet":{"a1a3":null,"a4":null,"a5":null,"b1":null,"b2":null,"b3":null,"b4":null,"b5":null,"b6":null,"b7":null,"c1":0.0,"c2":0.0,"c3":0.0,"c4":0.0,"d":0.0},"meta_data":null}