{"id":"118e28f7-55dd-4fd0-8aa5-2f9ba2832c83","name":"Air, wind and water barrier membranes and Vapor control layers: CLIMA CONTROL 80","declared_unit":"M2","version":"1.1","published_date":1609459200,"valid_until":1767225600,"format_version":"1.1.5","source":null,"reference_service_life":null,"standard":"EN15804A2","comment":null,"location":"IT","subtype":"Specific","conversions":[],"gwp":{"a1a3":null,"a4":0.0177,"a5":0.13,"b1":0.0,"b2":0.0,"b3":0.0,"b4":0.0,"b5":0.0,"b6":0.0,"b7":0.0,"c1":0.00112,"c2":0.00279,"c3":0.056,"c4":0.0062,"d":-0.0871},"odp":{"a1a3":null,"a4":0.0,"a5":0.0,"b1":0.0,"b2":0.0,"b3":0.0,"b4":0.0,"b5":0.0,"b6":0.0,"b7":0.0,"c1":0.0,"c2":0.0,"c3":0.0,"c4":0.0,"d":0.0},"ap":{"a1a3":null,"a4":0.000247,"a5":0.000192,"b1":0.0,"b2":0.0,"b3":0.0,"b4":0.0,"b5":0.0,"b6":0.0,"b7":0.0,"c1":2.31e-6,"c2":7.87e-6,"c3":0.0000608,"c4":0.0000175,"d":-0.00011},"ep":null,"pocp":{"a1a3":null,"a4":0.000184,"a5":0.000169,"b1":0.0,"b2":0.0,"b3":0.0,"b4":0.0,"b5":0.0,"b6":0.0,"b7":0.0,"c1":1.49e-6,"c2":7.03e-6,"c3":0.0000725,"c4":0.0000151,"d":-0.0000971},"adpe":{"a1a3":null,"a4":1.25e-9,"a5":1.55e-6,"b1":0.0,"b2":0.0,"b3":0.0,"b4":0.0,"b5":0.0,"b6":0.0,"b7":0.0,"c1":3.26e-10,"c2":2.12e-10,"c3":1.11e-9,"c4":3.52e-10,"d":-1.1e-8},"adpf":{"a1a3":null,"a4":0.228,"a5":2.21,"b1":0.0,"b2":0.0,"b3":0.0,"b4":0.0,"b5":0.0,"b6":0.0,"b7":0.0,"c1":0.0197,"c2":0.037,"c3":0.087,"c4":0.0743,"d":-1.61},"penre":{"a1a3":null,"a4":0.229,"a5":1.49,"b1":0.0,"b2":0.0,"b3":0.0,"b4":0.0,"b5":0.0,"b6":0.0,"b7":0.0,"c1":0.0197,"c2":0.0371,"c3":0.686,"c4":0.0743,"d":-1.61},"pere":{"a1a3":null,"a4":0.00961,"a5":0.118,"b1":0.0,"b2":0.0,"b3":0.0,"b4":0.0,"b5":0.0,"b6":0.0,"b7":0.0,"c1":0.00908,"c2":0.00207,"c3":0.0155,"c4":0.00543,"d":-0.15},"perm":{"a1a3":null,"a4":0.0,"a5":0.00458,"b1":0.0,"b2":0.0,"b3":0.0,"b4":0.0,"b5":0.0,"b6":0.0,"b7":0.0,"c1":0.0,"c2":0.0,"c3":0.0,"c4":0.0,"d":0.0},"pert":null,"penrt":{"a1a3":null,"a4":0.229,"a5":2.21,"b1":0.0,"b2":0.0,"b3":0.0,"b4":0.0,"b5":0.0,"b6":0.0,"b7":0.0,"c1":0.0197,"c2":0.0371,"c3":0.087,"c4":0.0743,"d":-1.61},"penrm":{"a1a3":null,"a4":0.0,"a5":0.716,"b1":0.0,"b2":0.0,"b3":0.0,"b4":0.0,"b5":0.0,"b6":0.0,"b7":0.0,"c1":0.0,"c2":0.0,"c3":-0.599,"c4":0.0,"d":0.0},"sm":{"a1a3":null,"a4":0.0,"a5":0.000385,"b1":0.0,"b2":0.0,"b3":0.0,"b4":0.0,"b5":0.0,"b6":0.0,"b7":0.0,"c1":0.0,"c2":0.0,"c3":0.0,"c4":0.0,"d":0.0},"rsf":{"a1a3":null,"a4":0.0,"a5":0.0,"b1":0.0,"b2":0.0,"b3":0.0,"b4":0.0,"b5":0.0,"b6":0.0,"b7":0.0,"c1":0.0,"c2":0.0,"c3":0.0,"c4":0.0,"d":0.0},"nrsf":{"a1a3":null,"a4":0.0,"a5":0.0,"b1":0.0,"b2":0.0,"b3":0.0,"b4":0.0,"b5":0.0,"b6":0.0,"b7":0.0,"c1":0.0,"c2":0.0,"c3":0.0,"c4":0.0,"d":0.0},"fw":{"a1a3":null,"a4":0.0000111,"a5":0.000306,"b1":0.0,"b2":0.0,"b3":0.0,"b4":0.0,"b5":0.0,"b6":0.0,"b7":0.0,"c1":8.84e-6,"c2":2.37e-6,"c3":0.000145,"c4":2.56e-6,"d":-0.000209},"hwd":{"a1a3":null,"a4":9e-12,"a5":1.06e-9,"b1":0.0,"b2":0.0,"b3":0.0,"b4":0.0,"b5":0.0,"b6":0.0,"b7":0.0,"c1":5e-12,"c2":2e-12,"c3":1.4e-11,"c4":1.3e-11,"d":-4.12e-10},"nhwd":{"a1a3":null,"a4":0.0000322,"a5":0.0147,"b1":0.0,"b2":0.0,"b3":0.0,"b4":0.0,"b5":0.0,"b6":0.0,"b7":0.0,"c1":0.000014,"c2":5.51e-6,"c3":0.00215,"c4":0.0714,"d":-0.0005},"rwd":{"a1a3":null,"a4":3.69e-7,"a5":0.0000272,"b1":0.0,"b2":0.0,"b3":0.0,"b4":0.0,"b5":0.0,"b6":0.0,"b7":0.0,"c1":2.94e-6,"c2":4.49e-8,"c3":5.52e-6,"c4":8.67e-7,"d":-0.0000412},"cru":{"a1a3":null,"a4":0.0,"a5":0.0,"b1":0.0,"b2":0.0,"b3":0.0,"b4":0.0,"b5":0.0,"b6":0.0,"b7":0.0,"c1":0.0,"c2":0.0,"c3":0.0,"c4":0.0,"d":0.0},"mfr":{"a1a3":null,"a4":0.0,"a5":0.000998,"b1":0.0,"b2":0.0,"b3":0.0,"b4":0.0,"b5":0.0,"b6":0.0,"b7":0.0,"c1":0.0,"c2":0.0,"c3":0.0106,"c4":0.0,"d":0.0},"mer":{"a1a3":null,"a4":0.0,"a5":0.0,"b1":0.0,"b2":0.0,"b3":0.0,"b4":0.0,"b5":0.0,"b6":0.0,"b7":0.0,"c1":0.0,"c2":0.0,"c3":0.0,"c4":0.0,"d":0.0},"eee":{"a1a3":null,"a4":0.0,"a5":0.0193,"b1":0.0,"b2":0.0,"b3":0.0,"b4":0.0,"b5":0.0,"b6":0.0,"b7":0.0,"c1":0.0,"c2":0.0,"c3":0.0947,"c4":0.0,"d":0.0},"eet":{"a1a3":null,"a4":0.0,"a5":0.0246,"b1":0.0,"b2":0.0,"b3":0.0,"b4":0.0,"b5":0.0,"b6":0.0,"b7":0.0,"c1":0.0,"c2":0.0,"c3":0.165,"c4":0.0,"d":0.0},"meta_data":null}