{"id":"149501f9-0247-4331-a706-a4058c22714f","name":"NEWPLAN 70N prefinished roof element (transmittance U=0.91 W/m2K)","declared_unit":"M2","version":"1.1","published_date":1672531200,"valid_until":1830297600,"format_version":"1.1.5","source":null,"reference_service_life":null,"standard":"EN15804A2","comment":null,"location":"IT","subtype":"Specific","conversions":[],"gwp":{"a1a3":null,"a4":null,"a5":null,"b1":null,"b2":null,"b3":null,"b4":null,"b5":null,"b6":null,"b7":null,"c1":1.212384007877,"c2":5.207595043861,"c3":2.92204137807,"c4":0.312163664767,"d":-22.373308783563},"odp":{"a1a3":null,"a4":null,"a5":null,"b1":null,"b2":null,"b3":null,"b4":null,"b5":null,"b6":null,"b7":null,"c1":1.8816e-8,"c2":1.10932e-7,"c3":5.2129e-8,"c4":5.36e-9,"d":-3.67732e-7},"ap":{"a1a3":null,"a4":null,"a5":null,"b1":null,"b2":null,"b3":null,"b4":null,"b5":null,"b6":null,"b7":null,"c1":0.010966473414,"c2":0.020978338587,"c3":0.022459782722,"c4":0.001899420895,"d":-0.098349785908},"ep":null,"pocp":{"a1a3":null,"a4":null,"a5":null,"b1":null,"b2":null,"b3":null,"b4":null,"b5":null,"b6":null,"b7":null,"c1":0.016364834647,"c2":0.030716134747,"c3":0.030881399338,"c4":0.002725204634,"d":-0.102280690094},"adpe":{"a1a3":null,"a4":null,"a5":null,"b1":null,"b2":null,"b3":null,"b4":null,"b5":null,"b6":null,"b7":null,"c1":4.1302e-7,"c2":0.000016381179,"c3":6.886708e-6,"c4":3.50278e-7,"d":-0.000168557281},"adpf":{"a1a3":null,"a4":null,"a5":null,"b1":null,"b2":null,"b3":null,"b4":null,"b5":null,"b6":null,"b7":null,"c1":15.495606741811,"c2":72.301667012207,"c3":45.098990705436,"c4":4.576012146785,"d":-222.88232242615},"penre":{"a1a3":null,"a4":null,"a5":null,"b1":null,"b2":null,"b3":null,"b4":null,"b5":null,"b6":null,"b7":null,"c1":0.0,"c2":0.0,"c3":0.0,"c4":0.0,"d":0.0},"pere":{"a1a3":null,"a4":null,"a5":null,"b1":null,"b2":null,"b3":null,"b4":null,"b5":null,"b6":null,"b7":null,"c1":0.0,"c2":0.0,"c3":0.0,"c4":0.0,"d":0.0},"perm":{"a1a3":null,"a4":null,"a5":null,"b1":null,"b2":null,"b3":null,"b4":null,"b5":null,"b6":null,"b7":null,"c1":0.0,"c2":0.0,"c3":0.0,"c4":0.0,"d":0.0},"pert":null,"penrt":{"a1a3":null,"a4":null,"a5":null,"b1":null,"b2":null,"b3":null,"b4":null,"b5":null,"b6":null,"b7":null,"c1":0.0,"c2":0.0,"c3":0.0,"c4":0.0,"d":0.0},"penrm":{"a1a3":null,"a4":null,"a5":null,"b1":null,"b2":null,"b3":null,"b4":null,"b5":null,"b6":null,"b7":null,"c1":0.0,"c2":0.0,"c3":0.0,"c4":0.0,"d":0.0},"sm":{"a1a3":null,"a4":null,"a5":null,"b1":null,"b2":null,"b3":null,"b4":null,"b5":null,"b6":null,"b7":null,"c1":0.0,"c2":0.0,"c3":0.0,"c4":0.0,"d":0.0},"rsf":{"a1a3":null,"a4":null,"a5":null,"b1":null,"b2":null,"b3":null,"b4":null,"b5":null,"b6":null,"b7":null,"c1":0.0,"c2":0.0,"c3":0.0,"c4":0.0,"d":0.0},"nrsf":{"a1a3":null,"a4":null,"a5":null,"b1":null,"b2":null,"b3":null,"b4":null,"b5":null,"b6":null,"b7":null,"c1":0.0,"c2":0.0,"c3":0.0,"c4":0.0,"d":0.0},"fw":{"a1a3":null,"a4":null,"a5":null,"b1":null,"b2":null,"b3":null,"b4":null,"b5":null,"b6":null,"b7":null,"c1":0.0,"c2":0.0,"c3":0.0,"c4":0.0,"d":0.0},"hwd":{"a1a3":null,"a4":null,"a5":null,"b1":null,"b2":null,"b3":null,"b4":null,"b5":null,"b6":null,"b7":null,"c1":0.0,"c2":0.0,"c3":0.0,"c4":0.0,"d":0.0},"nhwd":{"a1a3":null,"a4":null,"a5":null,"b1":null,"b2":null,"b3":null,"b4":null,"b5":null,"b6":null,"b7":null,"c1":0.0,"c2":0.0,"c3":0.0,"c4":0.0,"d":0.0},"rwd":{"a1a3":null,"a4":null,"a5":null,"b1":null,"b2":null,"b3":null,"b4":null,"b5":null,"b6":null,"b7":null,"c1":0.0,"c2":0.0,"c3":0.0,"c4":0.0,"d":0.0},"cru":{"a1a3":null,"a4":null,"a5":null,"b1":null,"b2":null,"b3":null,"b4":null,"b5":null,"b6":null,"b7":null,"c1":0.0,"c2":0.0,"c3":0.0,"c4":0.0,"d":0.0},"mfr":{"a1a3":null,"a4":null,"a5":null,"b1":null,"b2":null,"b3":null,"b4":null,"b5":null,"b6":null,"b7":null,"c1":0.0,"c2":0.0,"c3":0.0,"c4":0.0,"d":0.0},"mer":{"a1a3":null,"a4":null,"a5":null,"b1":null,"b2":null,"b3":null,"b4":null,"b5":null,"b6":null,"b7":null,"c1":0.0,"c2":0.0,"c3":0.0,"c4":0.0,"d":0.0},"eee":{"a1a3":null,"a4":null,"a5":null,"b1":null,"b2":null,"b3":null,"b4":null,"b5":null,"b6":null,"b7":null,"c1":0.0,"c2":0.0,"c3":0.0,"c4":0.0,"d":0.0},"eet":{"a1a3":null,"a4":null,"a5":null,"b1":null,"b2":null,"b3":null,"b4":null,"b5":null,"b6":null,"b7":null,"c1":0.0,"c2":0.0,"c3":0.0,"c4":0.0,"d":0.0},"meta_data":null}