{"id":"19fbc143-df24-438e-bdc1-535ba4d19af8","name":"GRES PORCELLANATO LAMINATO - Fiorano Modenese","declared_unit":"M2","version":"1.1","published_date":1483228800,"valid_until":1672531200,"format_version":"1.1.5","source":null,"reference_service_life":null,"standard":"EN15804A1","comment":null,"location":"GLO","subtype":"Specific","conversions":[{"value":8.5,"to":"KG","meta_data":"{\"name\":\"grammage\",\"value\":\"8.5\",\"unit\":\"kg/m^2\",\"unitDescription\":\"kilograms per square metre\"}"}],"gwp":{"a1a3":10.4,"a4":0.235,"a5":2.55,"b1":null,"b2":0.0404,"b3":null,"b4":null,"b5":null,"b6":null,"b7":null,"c1":null,"c2":0.0255,"c3":0.0247,"c4":0.0666,"d":-0.205},"odp":{"a1a3":8.39e-11,"a4":8.56e-15,"a5":6.31e-12,"b1":null,"b2":7.63e-12,"b3":null,"b4":null,"b5":null,"b6":null,"b7":null,"c1":null,"c2":9e-16,"c3":1.11e-14,"c4":1.51e-14,"d":-4.2e-13},"ap":{"a1a3":0.0254,"a4":0.00193,"a5":0.00358,"b1":null,"b2":0.0000585,"b3":null,"b4":null,"b5":null,"b6":null,"b7":null,"c1":null,"c2":0.000112,"c3":0.000176,"c4":0.000394,"d":-0.000409},"ep":{"a1a3":0.00358,"a4":0.000215,"a5":0.00074,"b1":null,"b2":0.0000447,"b3":null,"b4":null,"b5":null,"b6":null,"b7":null,"c1":null,"c2":0.0000283,"c3":0.0000424,"c4":0.0000544,"d":-0.0000593},"pocp":{"a1a3":0.00232,"a4":0.0000993,"a5":0.00031,"b1":null,"b2":0.000656,"b3":null,"b4":null,"b5":null,"b6":null,"b7":null,"c1":null,"c2":-0.0000439,"c3":0.0000192,"c4":0.0000307,"d":-0.0000417},"adpe":{"a1a3":0.000075,"a4":1.71e-8,"a5":8.91e-6,"b1":null,"b2":1.33e-8,"b3":null,"b4":null,"b5":null,"b6":null,"b7":null,"c1":null,"c2":2.7e-9,"c3":3.26e-8,"c4":2.56e-8,"d":-6.99e-8},"adpf":{"a1a3":169.0,"a4":3.11,"a5":17.5,"b1":null,"b2":0.346,"b3":null,"b4":null,"b5":null,"b6":null,"b7":null,"c1":null,"c2":0.448,"c3":0.48,"c4":0.861,"d":-3.23},"penre":{"a1a3":178.0,"a4":3.12,"a5":19.6,"b1":null,"b2":0.367,"b3":null,"b4":null,"b5":null,"b6":null,"b7":null,"c1":null,"c2":0.45,"c3":0.499,"c4":0.894,"d":-3.85},"pere":{"a1a3":39.5,"a4":0.127,"a5":11.7,"b1":null,"b2":0.0187,"b3":null,"b4":null,"b5":null,"b6":null,"b7":null,"c1":null,"c2":0.0248,"c3":0.0335,"c4":0.111,"d":-0.87},"perm":{"a1a3":6.51,"a4":0.0,"a5":-6.93,"b1":null,"b2":0.0,"b3":null,"b4":null,"b5":null,"b6":null,"b7":null,"c1":null,"c2":0.0,"c3":0.0,"c4":0.0,"d":0.0},"pert":{"a1a3":46.0,"a4":0.127,"a5":5.66,"b1":null,"b2":0.0187,"b3":null,"b4":null,"b5":null,"b6":null,"b7":null,"c1":null,"c2":0.0248,"c3":0.0335,"c4":0.111,"d":-0.87},"penrt":{"a1a3":179.0,"a4":3.12,"a5":18.8,"b1":null,"b2":0.367,"b3":null,"b4":null,"b5":null,"b6":null,"b7":null,"c1":null,"c2":0.45,"c3":0.499,"c4":0.894,"d":-3.85},"penrm":{"a1a3":0.858,"a4":0.0,"a5":-0.914,"b1":null,"b2":0.0,"b3":null,"b4":null,"b5":null,"b6":null,"b7":null,"c1":null,"c2":0.0,"c3":0.0,"c4":0.0,"d":0.0},"sm":{"a1a3":0.0,"a4":0.0,"a5":0.0,"b1":null,"b2":0.0,"b3":null,"b4":null,"b5":null,"b6":null,"b7":null,"c1":null,"c2":0.0,"c3":0.0,"c4":0.0,"d":9.51},"rsf":{"a1a3":0.0,"a4":0.0,"a5":0.0,"b1":null,"b2":0.0,"b3":null,"b4":null,"b5":null,"b6":null,"b7":null,"c1":null,"c2":0.0,"c3":0.0,"c4":0.0,"d":0.0},"nrsf":{"a1a3":0.0,"a4":0.0,"a5":0.0,"b1":null,"b2":0.0,"b3":null,"b4":null,"b5":null,"b6":null,"b7":null,"c1":null,"c2":0.0,"c3":0.0,"c4":0.0,"d":0.0},"fw":{"a1a3":0.0543,"a4":0.000234,"a5":0.00665,"b1":null,"b2":0.000284,"b3":null,"b4":null,"b5":null,"b6":null,"b7":null,"c1":null,"c2":0.0000457,"c3":0.000151,"c4":0.000171,"d":-0.000932},"hwd":{"a1a3":0.00235,"a4":1.26e-7,"a5":0.000153,"b1":null,"b2":0.00254,"b3":null,"b4":null,"b5":null,"b6":null,"b7":null,"c1":null,"c2":2.6e-8,"c3":1.61e-8,"c4":1.54e-8,"d":-1.08e-8},"nhwd":{"a1a3":1.62,"a4":0.000197,"a5":0.823,"b1":null,"b2":0.00572,"b3":null,"b4":null,"b5":null,"b6":null,"b7":null,"c1":null,"c2":0.0000377,"c3":0.000106,"c4":4.19,"d":-0.397},"rwd":{"a1a3":0.00393,"a4":5.87e-6,"a5":0.000517,"b1":null,"b2":8.51e-6,"b3":null,"b4":null,"b5":null,"b6":null,"b7":null,"c1":null,"c2":6.15e-7,"c3":7.65e-6,"c4":0.0000129,"d":-0.000244},"cru":{"a1a3":0.0,"a4":0.0,"a5":0.183,"b1":null,"b2":0.0,"b3":null,"b4":null,"b5":null,"b6":null,"b7":null,"c1":null,"c2":0.0,"c3":0.0,"c4":0.0,"d":0.0},"mfr":{"a1a3":0.0,"a4":0.0,"a5":0.0412,"b1":null,"b2":0.0,"b3":null,"b4":null,"b5":null,"b6":null,"b7":null,"c1":null,"c2":0.0,"c3":0.0,"c4":9.77,"d":0.0},"mer":{"a1a3":0.0,"a4":0.0,"a5":0.0,"b1":null,"b2":0.0,"b3":null,"b4":null,"b5":null,"b6":null,"b7":null,"c1":null,"c2":0.0,"c3":0.0,"c4":0.0,"d":0.0},"eee":{"a1a3":0.0,"a4":0.0,"a5":0.577,"b1":null,"b2":0.0,"b3":null,"b4":null,"b5":null,"b6":null,"b7":null,"c1":null,"c2":0.0,"c3":0.0,"c4":0.0,"d":0.0},"eet":{"a1a3":0.0,"a4":0.0,"a5":0.842,"b1":null,"b2":0.0,"b3":null,"b4":null,"b5":null,"b6":null,"b7":null,"c1":null,"c2":0.0,"c3":0.0,"c4":0.0,"d":0.0},"meta_data":null}