{"id":"1e3c6b59-c57c-46b2-bee3-11c4cb872dca","name":"Cemento di Caravate","declared_unit":"M3","version":"1.1","published_date":1609459200,"valid_until":1798761600,"format_version":"1.1.5","source":null,"reference_service_life":null,"standard":"EN15804A2","comment":null,"location":"IT","subtype":"Specific","conversions":[],"gwp":{"a1a3":294.0,"a4":11.5,"a5":6.27,"b1":null,"b2":null,"b3":null,"b4":null,"b5":null,"b6":null,"b7":null,"c1":13.1,"c2":42.2,"c3":3.24,"c4":0.000428,"d":-13.8},"odp":{"a1a3":0.0000141,"a4":2.45e-6,"a5":1.33e-6,"b1":null,"b2":null,"b3":null,"b4":null,"b5":null,"b6":null,"b7":null,"c1":2.78e-6,"c2":9.16e-6,"c3":6.37e-7,"c4":2.1e-10,"d":-1.62e-6},"ap":{"a1a3":0.495,"a4":0.159,"a5":0.0861,"b1":null,"b2":null,"b3":null,"b4":null,"b5":null,"b6":null,"b7":null,"c1":0.18,"c2":0.498,"c3":0.0371,"c4":4.94e-6,"d":-0.0756},"ep":null,"pocp":{"a1a3":0.495,"a4":0.159,"a5":0.0861,"b1":null,"b2":null,"b3":null,"b4":null,"b5":null,"b6":null,"b7":null,"c1":0.18,"c2":0.498,"c3":0.0371,"c4":4.94e-6,"d":-0.0756},"adpe":{"a1a3":0.00027,"a4":5.89e-6,"a5":3.31e-6,"b1":null,"b2":null,"b3":null,"b4":null,"b5":null,"b6":null,"b7":null,"c1":7e-6,"c2":0.000047,"c3":2.62e-6,"c4":8.28e-10,"d":-0.000168},"adpf":{"a1a3":1200.0,"a4":157.0,"a5":86.0,"b1":null,"b2":null,"b3":null,"b4":null,"b5":null,"b6":null,"b7":null,"c1":179.0,"c2":590.0,"c3":45.6,"c4":0.0137,"d":-174.0},"penre":{"a1a3":1410.0,"a4":167.0,"a5":91.4,"b1":null,"b2":null,"b3":null,"b4":null,"b5":null,"b6":null,"b7":null,"c1":190.0,"c2":627.0,"c3":48.6,"c4":0.0146,"d":-186.0},"pere":{"a1a3":96.6,"a4":0.883,"a5":0.523,"b1":null,"b2":null,"b3":null,"b4":null,"b5":null,"b6":null,"b7":null,"c1":1.06,"c2":4.42,"c3":0.678,"c4":0.00028,"d":-8.14},"perm":{"a1a3":2.93,"a4":0.191,"a5":0.11,"b1":null,"b2":null,"b3":null,"b4":null,"b5":null,"b6":null,"b7":null,"c1":0.227,"c2":0.987,"c3":0.115,"c4":0.000118,"d":-1.98},"pert":{"a1a3":99.5,"a4":1.07,"a5":0.633,"b1":null,"b2":null,"b3":null,"b4":null,"b5":null,"b6":null,"b7":null,"c1":1.29,"c2":5.4,"c3":0.792,"c4":0.000398,"d":-10.1},"penrt":{"a1a3":1410.0,"a4":167.0,"a5":91.4,"b1":null,"b2":null,"b3":null,"b4":null,"b5":null,"b6":null,"b7":null,"c1":190.0,"c2":627.0,"c3":48.6,"c4":0.0146,"d":-186.0},"penrm":{"a1a3":0.0,"a4":0.0,"a5":0.0,"b1":null,"b2":null,"b3":null,"b4":null,"b5":null,"b6":null,"b7":null,"c1":0.0,"c2":0.0,"c3":0.0,"c4":0.0,"d":0.0},"sm":{"a1a3":164.0,"a4":0.0,"a5":0.0,"b1":null,"b2":null,"b3":null,"b4":null,"b5":null,"b6":null,"b7":null,"c1":0.0,"c2":0.0,"c3":0.0,"c4":0.0,"d":0.0},"rsf":{"a1a3":10.3,"a4":0.0,"a5":0.0,"b1":null,"b2":null,"b3":null,"b4":null,"b5":null,"b6":null,"b7":null,"c1":0.0,"c2":0.0,"c3":0.0,"c4":0.0,"d":0.0},"nrsf":{"a1a3":18.1,"a4":0.0,"a5":0.0,"b1":null,"b2":null,"b3":null,"b4":null,"b5":null,"b6":null,"b7":null,"c1":0.0,"c2":0.0,"c3":0.0,"c4":0.0,"d":0.0},"fw":{"a1a3":4.35,"a4":0.00792,"a5":0.0147,"b1":null,"b2":null,"b3":null,"b4":null,"b5":null,"b6":null,"b7":null,"c1":0.288,"c2":0.0367,"c3":0.103,"c4":0.0000165,"d":-0.773},"hwd":{"a1a3":0.0163,"a4":0.00043,"a5":0.000234,"b1":null,"b2":null,"b3":null,"b4":null,"b5":null,"b6":null,"b7":null,"c1":0.00049,"c2":0.0016,"c3":0.00011,"c4":1.52e-8,"d":-0.000598},"nhwd":{"a1a3":170.0,"a4":0.21,"a5":0.116,"b1":null,"b2":null,"b3":null,"b4":null,"b5":null,"b6":null,"b7":null,"c1":0.251,"c2":7.27,"c3":0.0714,"c4":0.0999,"d":-1.97},"rwd":{"a1a3":0.0027,"a4":0.00108,"a5":0.00059,"b1":null,"b2":null,"b3":null,"b4":null,"b5":null,"b6":null,"b7":null,"c1":0.00123,"c2":0.00405,"c3":0.000275,"c4":9.25e-8,"d":-0.000671},"cru":{"a1a3":0.0,"a4":0.0,"a5":0.0,"b1":null,"b2":null,"b3":null,"b4":null,"b5":null,"b6":null,"b7":null,"c1":0.0,"c2":0.0,"c3":0.0,"c4":0.0,"d":0.0},"mfr":{"a1a3":0.0,"a4":0.0,"a5":0.0,"b1":null,"b2":null,"b3":null,"b4":null,"b5":null,"b6":null,"b7":null,"c1":0.0,"c2":0.0,"c3":0.0,"c4":0.0,"d":0.0},"mer":{"a1a3":0.0,"a4":0.0,"a5":0.0,"b1":null,"b2":null,"b3":null,"b4":null,"b5":null,"b6":null,"b7":null,"c1":0.0,"c2":0.0,"c3":0.0,"c4":0.0,"d":0.0},"eee":{"a1a3":0.0,"a4":0.0,"a5":0.0,"b1":null,"b2":null,"b3":null,"b4":null,"b5":null,"b6":null,"b7":null,"c1":0.0,"c2":0.0,"c3":0.0,"c4":0.0,"d":0.0},"eet":{"a1a3":0.0,"a4":0.0,"a5":0.0,"b1":null,"b2":null,"b3":null,"b4":null,"b5":null,"b6":null,"b7":null,"c1":0.0,"c2":0.0,"c3":0.0,"c4":0.0,"d":0.0},"meta_data":null}