{"id":"21dcbbae-ef0a-4450-bfd6-b869f8305b84","name":"PE-RT/AL/HDPE PIPING SYSTEMS FOR HOT AND COLD WATER IN THE BUILDING TYPE MULTINUPI","declared_unit":"M","version":"1.1","published_date":1546300800,"valid_until":1767225600,"format_version":"1.1.5","source":null,"reference_service_life":null,"standard":"EN15804A1","comment":null,"location":"RER","subtype":"Generic","conversions":[],"gwp":{"a1a3":34.7,"a4":0.366,"a5":0.842,"b1":0.0,"b2":0.0,"b3":0.0,"b4":0.0,"b5":0.0,"b6":0.0,"b7":0.0,"c1":0.105,"c2":0.202,"c3":2.32,"c4":0.274,"d":-1.81},"odp":{"a1a3":9.43e-11,"a4":9.1e-17,"a5":8.39e-15,"b1":0.0,"b2":0.0,"b3":0.0,"b4":0.0,"b5":0.0,"b6":0.0,"b7":0.0,"c1":3.15e-15,"c2":3.3e-17,"c3":4.2e-16,"c4":9.81e-16,"d":1.5e-13},"ap":{"a1a3":0.138,"a4":0.000423,"a5":0.00236,"b1":0.0,"b2":0.0,"b3":0.0,"b4":0.0,"b5":0.0,"b6":0.0,"b7":0.0,"c1":0.000221,"c2":0.000154,"c3":0.000355,"c4":0.000875,"d":-0.0161},"ep":{"a1a3":0.00853,"a4":0.0000749,"a5":0.000231,"b1":0.0,"b2":0.0,"b3":0.0,"b4":0.0,"b5":0.0,"b6":0.0,"b7":0.0,"c1":0.0000244,"c2":0.0000316,"c3":0.0000614,"c4":0.000677,"d":-0.000452},"pocp":{"a1a3":0.01,"a4":7.76e-6,"a5":0.000217,"b1":0.0,"b2":0.0,"b3":0.0,"b4":0.0,"b5":0.0,"b6":0.0,"b7":0.0,"c1":0.0000157,"c2":1.35e-6,"c3":0.0000237,"c4":0.000089,"d":-0.000535},"adpe":{"a1a3":0.00113,"a4":3.36e-8,"a5":6.37e-7,"b1":0.0,"b2":0.0,"b3":0.0,"b4":0.0,"b5":0.0,"b6":0.0,"b7":0.0,"c1":3.51e-8,"c2":1.67e-8,"c3":4.9e-8,"c4":6.36e-8,"d":-0.000757},"adpf":{"a1a3":593.0,"a4":4.98,"a5":10.9,"b1":0.0,"b2":0.0,"b3":0.0,"b4":0.0,"b5":0.0,"b6":0.0,"b7":0.0,"c1":1.17,"c2":2.74,"c3":0.449,"c4":3.98,"d":-25.0},"penre":{"a1a3":468.0,"a4":5.0,"a5":12.4,"b1":0.0,"b2":0.0,"b3":0.0,"b4":0.0,"b5":0.0,"b6":0.0,"b7":0.0,"c1":1.89,"c2":2.75,"c3":27.9,"c4":4.1,"d":-27.9},"pere":{"a1a3":153.0,"a4":0.286,"a5":3.16,"b1":0.0,"b2":0.0,"b3":0.0,"b4":0.0,"b5":0.0,"b6":0.0,"b7":0.0,"c1":0.836,"c2":0.154,"c3":0.0942,"c4":0.325,"d":-2.92},"perm":{"a1a3":6.08,"a4":0.0,"a5":-0.535,"b1":0.0,"b2":0.0,"b3":0.0,"b4":0.0,"b5":0.0,"b6":0.0,"b7":0.0,"c1":0.0,"c2":0.0,"c3":0.0,"c4":0.0,"d":0.0},"pert":{"a1a3":159.0,"a4":0.286,"a5":2.62,"b1":0.0,"b2":0.0,"b3":0.0,"b4":0.0,"b5":0.0,"b6":0.0,"b7":0.0,"c1":0.836,"c2":0.154,"c3":0.0942,"c4":0.325,"d":-2.92},"penrt":{"a1a3":647.0,"a4":5.0,"a5":12.0,"b1":0.0,"b2":0.0,"b3":0.0,"b4":0.0,"b5":0.0,"b6":0.0,"b7":0.0,"c1":1.89,"c2":2.75,"c3":0.515,"c4":4.1,"d":-27.9},"penrm":{"a1a3":179.0,"a4":0.0,"a5":-0.376,"b1":0.0,"b2":0.0,"b3":0.0,"b4":0.0,"b5":0.0,"b6":0.0,"b7":0.0,"c1":0.0,"c2":0.0,"c3":-27.4,"c4":0.0,"d":0.0},"sm":{"a1a3":0.0,"a4":0.0,"a5":0.0,"b1":0.0,"b2":0.0,"b3":0.0,"b4":0.0,"b5":0.0,"b6":0.0,"b7":0.0,"c1":0.0,"c2":0.0,"c3":0.0,"c4":0.0,"d":2.44},"rsf":{"a1a3":0.0,"a4":0.0,"a5":0.0,"b1":0.0,"b2":0.0,"b3":0.0,"b4":0.0,"b5":0.0,"b6":0.0,"b7":0.0,"c1":0.0,"c2":0.0,"c3":0.0,"c4":0.0,"d":0.0},"nrsf":{"a1a3":0.0,"a4":0.0,"a5":0.0,"b1":0.0,"b2":0.0,"b3":0.0,"b4":0.0,"b5":0.0,"b6":0.0,"b7":0.0,"c1":0.0,"c2":0.0,"c3":0.0,"c4":0.0,"d":0.0},"fw":{"a1a3":0.385,"a4":0.000333,"a5":0.0071,"b1":0.0,"b2":0.0,"b3":0.0,"b4":0.0,"b5":0.0,"b6":0.0,"b7":0.0,"c1":0.000966,"c2":0.000179,"c3":0.00545,"c4":0.000189,"d":-0.0121},"hwd":{"a1a3":8.19e-7,"a4":2.29e-7,"a5":7.06e-9,"b1":0.0,"b2":0.0,"b3":0.0,"b4":0.0,"b5":0.0,"b6":0.0,"b7":0.0,"c1":7.81e-10,"c2":1.28e-7,"c3":1.6e-9,"c4":2.14e-8,"d":-5.85e-8},"nhwd":{"a1a3":6.7,"a4":0.000791,"a5":0.293,"b1":0.0,"b2":0.0,"b3":0.0,"b4":0.0,"b5":0.0,"b6":0.0,"b7":0.0,"c1":0.00134,"c2":0.00042,"c3":0.0917,"c4":6.16,"d":-0.327},"rwd":{"a1a3":0.0212,"a4":9.19e-6,"a5":0.000422,"b1":0.0,"b2":0.0,"b3":0.0,"b4":0.0,"b5":0.0,"b6":0.0,"b7":0.0,"c1":0.000286,"c2":3.4e-6,"c3":0.0000262,"c4":0.0000495,"d":-0.00114},"cru":{"a1a3":0.0,"a4":0.0,"a5":0.0,"b1":0.0,"b2":0.0,"b3":0.0,"b4":0.0,"b5":0.0,"b6":0.0,"b7":0.0,"c1":0.0,"c2":0.0,"c3":0.0,"c4":0.0,"d":0.0},"mfr":{"a1a3":0.0,"a4":0.0,"a5":0.0396,"b1":0.0,"b2":0.0,"b3":0.0,"b4":0.0,"b5":0.0,"b6":0.0,"b7":0.0,"c1":0.0,"c2":0.0,"c3":2.44,"c4":0.0,"d":0.0},"mer":{"a1a3":0.0,"a4":0.0,"a5":0.0,"b1":0.0,"b2":0.0,"b3":0.0,"b4":0.0,"b5":0.0,"b6":0.0,"b7":0.0,"c1":0.0,"c2":0.0,"c3":0.0,"c4":0.0,"d":0.0},"eee":{"a1a3":0.0,"a4":0.0,"a5":0.226,"b1":0.0,"b2":0.0,"b3":0.0,"b4":0.0,"b5":0.0,"b6":0.0,"b7":0.0,"c1":0.0,"c2":0.0,"c3":4.48,"c4":0.0,"d":0.0},"eet":{"a1a3":0.0,"a4":0.0,"a5":0.362,"b1":0.0,"b2":0.0,"b3":0.0,"b4":0.0,"b5":0.0,"b6":0.0,"b7":0.0,"c1":0.0,"c2":0.0,"c3":8.05,"c4":0.0,"d":0.0},"meta_data":null}