{"id":"29b1ad73-92b9-48f3-8e88-71aaeac2b3e6","name":"Pexal® + Bravopress®","declared_unit":"M","version":"1.1","published_date":1546300800,"valid_until":1767225600,"format_version":"1.1.5","source":null,"reference_service_life":null,"standard":"EN15804A2","comment":null,"location":"GLO","subtype":"Generic","conversions":[],"gwp":{"a1a3":null,"a4":1.18,"a5":2.1,"b1":0.0,"b2":0.0,"b3":0.0,"b4":0.0,"b5":0.0,"b6":0.0,"b7":0.0,"c1":0.13,"c2":0.319,"c3":3.96,"c4":0.46,"d":-3.34},"odp":{"a1a3":null,"a4":1.97e-16,"a5":1.1e-14,"b1":0.0,"b2":0.0,"b3":0.0,"b4":0.0,"b5":0.0,"b6":0.0,"b7":0.0,"c1":3.08e-15,"c2":5.62e-17,"c3":6.48e-16,"c4":1.17e-15,"d":-1.57e-14},"ap":{"a1a3":null,"a4":0.00492,"a5":0.00365,"b1":0.0,"b2":0.0,"b3":0.0,"b4":0.0,"b5":0.0,"b6":0.0,"b7":0.0,"c1":0.000172,"c2":0.000258,"c3":0.000642,"c4":0.00119,"d":-0.00459},"ep":null,"pocp":{"a1a3":null,"a4":0.00492,"a5":0.00365,"b1":0.0,"b2":0.0,"b3":0.0,"b4":0.0,"b5":0.0,"b6":0.0,"b7":0.0,"c1":0.000172,"c2":0.000258,"c3":0.000642,"c4":0.00119,"d":-0.00459},"adpe":{"a1a3":null,"a4":15.8,"a5":31.4,"b1":0.0,"b2":0.0,"b3":0.0,"b4":0.0,"b5":0.0,"b6":0.0,"b7":0.0,"c1":2.29,"c2":4.31,"c3":0.915,"c4":6.55,"d":-47.3},"adpf":{"a1a3":null,"a4":5.24e-8,"a5":0.000015,"b1":0.0,"b2":0.0,"b3":0.0,"b4":0.0,"b5":0.0,"b6":0.0,"b7":0.0,"c1":3.78e-8,"c2":1.48e-8,"c3":9.56e-9,"c4":3.27e-8,"d":-3.01e-7},"penre":{"a1a3":null,"a4":15.8,"a5":28.7,"b1":0.0,"b2":0.0,"b3":0.0,"b4":0.0,"b5":0.0,"b6":0.0,"b7":0.0,"c1":2.29,"c2":4.33,"c3":43.2,"c4":6.55,"d":-47.4},"pere":{"a1a3":null,"a4":0.0805,"a5":8.53,"b1":0.0,"b2":0.0,"b3":0.0,"b4":0.0,"b5":0.0,"b6":0.0,"b7":0.0,"c1":1.05,"c2":0.023,"c3":0.189,"c4":0.521,"d":-6.23},"perm":{"a1a3":null,"a4":0.0,"a5":-0.00665,"b1":0.0,"b2":0.0,"b3":0.0,"b4":0.0,"b5":0.0,"b6":0.0,"b7":0.0,"c1":0.0,"c2":0.0,"c3":0.0,"c4":0.0,"d":0.0},"pert":{"a1a3":null,"a4":0.0805,"a5":8.52,"b1":0.0,"b2":0.0,"b3":0.0,"b4":0.0,"b5":0.0,"b6":0.0,"b7":0.0,"c1":1.05,"c2":0.023,"c3":0.189,"c4":0.521,"d":-6.23},"penrt":{"a1a3":null,"a4":15.8,"a5":31.4,"b1":0.0,"b2":0.0,"b3":0.0,"b4":0.0,"b5":0.0,"b6":0.0,"b7":0.0,"c1":2.29,"c2":4.33,"c3":0.915,"c4":6.55,"d":-47.4},"penrm":{"a1a3":null,"a4":0.0,"a5":2.73,"b1":0.0,"b2":0.0,"b3":0.0,"b4":0.0,"b5":0.0,"b6":0.0,"b7":0.0,"c1":0.0,"c2":0.0,"c3":-42.3,"c4":0.0,"d":0.0},"sm":{"a1a3":null,"a4":0.0,"a5":0.00553,"b1":0.0,"b2":0.0,"b3":0.0,"b4":0.0,"b5":0.0,"b6":0.0,"b7":0.0,"c1":0.0,"c2":0.0,"c3":0.0,"c4":0.0,"d":0.0},"rsf":{"a1a3":null,"a4":0.0,"a5":0.0,"b1":0.0,"b2":0.0,"b3":0.0,"b4":0.0,"b5":0.0,"b6":0.0,"b7":0.0,"c1":0.0,"c2":0.0,"c3":0.0,"c4":0.0,"d":0.0},"nrsf":{"a1a3":null,"a4":0.0,"a5":0.0,"b1":0.0,"b2":0.0,"b3":0.0,"b4":0.0,"b5":0.0,"b6":0.0,"b7":0.0,"c1":0.0,"c2":0.0,"c3":0.0,"c4":0.0,"d":0.0},"fw":{"a1a3":null,"a4":0.000117,"a5":0.184,"b1":0.0184,"b2":0.0,"b3":0.0,"b4":0.0,"b5":0.0,"b6":0.0,"b7":0.0,"c1":0.00103,"c2":0.0000331,"c3":0.0093,"c4":0.00024,"d":-0.00832},"hwd":{"a1a3":null,"a4":1.48e-10,"a5":5.78e-8,"b1":0.0,"b2":0.0,"b3":0.0,"b4":0.0,"b5":0.0,"b6":0.0,"b7":0.0,"c1":6.05e-10,"c2":4.14e-11,"c3":1.72e-10,"c4":1.12e-9,"d":-7.32e-9},"nhwd":{"a1a3":null,"a4":0.00171,"a5":0.66,"b1":0.0,"b2":0.0,"b3":0.0,"b4":0.0,"b5":0.0,"b6":0.0,"b7":0.0,"c1":0.00162,"c2":0.000471,"c3":0.162,"c4":9.32,"d":-0.0337},"rwd":{"a1a3":null,"a4":0.000025,"a5":0.000981,"b1":0.0,"b2":0.0,"b3":0.0,"b4":0.0,"b5":0.0,"b6":0.0,"b7":0.0,"c1":0.000341,"c2":7.11e-6,"c3":0.000042,"c4":0.0000744,"d":-0.00222},"cru":{"a1a3":null,"a4":0.0,"a5":0.0,"b1":0.0,"b2":0.0,"b3":0.0,"b4":0.0,"b5":0.0,"b6":0.0,"b7":0.0,"c1":0.0,"c2":0.0,"c3":0.0,"c4":0.0,"d":0.0},"mfr":{"a1a3":null,"a4":0.0,"a5":0.0657,"b1":0.0,"b2":0.0,"b3":0.0,"b4":0.0,"b5":0.0,"b6":0.0,"b7":0.0,"c1":0.0,"c2":0.0,"c3":0.622,"c4":0.0,"d":0.0},"mer":{"a1a3":null,"a4":0.0,"a5":0.0,"b1":0.0,"b2":0.0,"b3":0.0,"b4":0.0,"b5":0.0,"b6":0.0,"b7":0.0,"c1":0.0,"c2":0.0,"c3":0.0,"c4":0.0,"d":0.0},"eee":{"a1a3":null,"a4":0.0,"a5":0.466,"b1":0.0,"b2":0.0,"b3":0.0,"b4":0.0,"b5":0.0,"b6":0.0,"b7":0.0,"c1":0.0,"c2":0.0,"c3":7.52,"c4":0.0,"d":0.0},"eet":{"a1a3":null,"a4":0.0,"a5":0.837,"b1":0.0,"b2":0.0,"b3":0.0,"b4":0.0,"b5":0.0,"b6":0.0,"b7":0.0,"c1":0.0,"c2":0.0,"c3":13.8,"c4":0.0,"d":0.0},"meta_data":null}