{"id":"30230e86-30cf-443b-a58a-2452eb94798c","name":"Prestigio section – PVC window 1,23m x 1,48m: PVC Aluminium sheet - Double Glazing","declared_unit":"M2","version":"1.1","published_date":1672531200,"valid_until":1830297600,"format_version":"1.1.5","source":null,"reference_service_life":null,"standard":"EN15804A2","comment":null,"location":"FR","subtype":"Specific","conversions":[],"gwp":{"a1a3":null,"a4":0.599609249,"a5":3.438874625,"b1":null,"b2":0.214413903,"b3":null,"b4":null,"b5":null,"b6":null,"b7":null,"c1":0.003686541,"c2":0.584515907,"c3":5.567373036,"c4":3.044297133,"d":-28.49803133},"odp":{"a1a3":null,"a4":1.37e-7,"a5":1.4e-7,"b1":null,"b2":1.25e-7,"b3":null,"b4":null,"b5":null,"b6":null,"b7":null,"c1":4.91e-10,"c2":1.35e-7,"c3":4.07e-7,"c4":4.27e-8,"d":-6.23e-6},"ap":{"a1a3":null,"a4":0.001841461,"a5":0.007016137,"b1":null,"b2":0.001554479,"b3":null,"b4":null,"b5":null,"b6":null,"b7":null,"c1":0.0000137,"c2":0.00165399,"c3":0.009576507,"c4":0.001108517,"d":-0.160070511},"ep":null,"pocp":{"a1a3":null,"a4":0.001632384,"a5":0.006557548,"b1":null,"b2":0.004286951,"b3":null,"b4":null,"b5":null,"b6":null,"b7":null,"c1":7.03e-6,"c2":0.001408625,"c3":0.010038436,"c4":0.001847002,"d":-0.079570163},"adpe":{"a1a3":null,"a4":2.29e-6,"a5":0.000014,"b1":null,"b2":3.19e-6,"b3":null,"b4":null,"b5":null,"b6":null,"b7":null,"c1":4.28e-9,"c2":2.1e-6,"c3":5.14e-6,"c4":4.12e-7,"d":0.000103859},"adpf":{"a1a3":null,"a4":8.859350998,"a5":19.12791543,"b1":null,"b2":9.860870712,"b3":null,"b4":null,"b5":null,"b6":null,"b7":null,"c1":0.047115536,"c2":8.665907964,"c3":27.62729743,"c4":2.997543291,"d":-457.8971054},"penre":{"a1a3":null,"a4":0.0,"a5":0.0,"b1":null,"b2":0.0,"b3":null,"b4":null,"b5":null,"b6":null,"b7":null,"c1":0.0,"c2":0.0,"c3":0.0,"c4":0.0,"d":0.0},"pere":{"a1a3":null,"a4":0.0,"a5":0.0,"b1":null,"b2":0.0,"b3":null,"b4":null,"b5":null,"b6":null,"b7":null,"c1":0.0,"c2":0.0,"c3":0.0,"c4":0.0,"d":0.0},"perm":{"a1a3":null,"a4":0.0,"a5":0.0,"b1":null,"b2":0.0,"b3":null,"b4":null,"b5":null,"b6":null,"b7":null,"c1":0.0,"c2":0.0,"c3":0.0,"c4":0.0,"d":0.0},"pert":null,"penrt":{"a1a3":null,"a4":0.0,"a5":0.0,"b1":null,"b2":0.0,"b3":null,"b4":null,"b5":null,"b6":null,"b7":null,"c1":0.0,"c2":0.0,"c3":0.0,"c4":0.0,"d":0.0},"penrm":{"a1a3":null,"a4":0.0,"a5":0.0,"b1":null,"b2":0.0,"b3":null,"b4":null,"b5":null,"b6":null,"b7":null,"c1":0.0,"c2":0.0,"c3":0.0,"c4":0.0,"d":0.0},"sm":{"a1a3":null,"a4":0.003147627,"a5":0.203590461,"b1":null,"b2":0.001895862,"b3":null,"b4":null,"b5":null,"b6":null,"b7":null,"c1":3.99e-6,"c2":0.002949922,"c3":0.009551112,"c4":0.001260957,"d":-4.060792698},"rsf":{"a1a3":null,"a4":0.0000351,"a5":0.002412577,"b1":null,"b2":0.000132228,"b3":null,"b4":null,"b5":null,"b6":null,"b7":null,"c1":3.42e-8,"c2":0.0000325,"c3":0.0000961,"c4":0.0000349,"d":-0.00168421},"nrsf":{"a1a3":null,"a4":0.0,"a5":0.0,"b1":null,"b2":0.0,"b3":null,"b4":null,"b5":null,"b6":null,"b7":null,"c1":0.0,"c2":0.0,"c3":0.0,"c4":0.0,"d":0.0},"fw":{"a1a3":null,"a4":0.0,"a5":0.0,"b1":null,"b2":0.0,"b3":null,"b4":null,"b5":null,"b6":null,"b7":null,"c1":0.0,"c2":0.0,"c3":0.0,"c4":0.0,"d":0.0},"hwd":{"a1a3":null,"a4":0.0,"a5":0.0,"b1":null,"b2":0.0,"b3":null,"b4":null,"b5":null,"b6":null,"b7":null,"c1":0.0,"c2":0.0,"c3":0.0,"c4":0.0,"d":0.0},"nhwd":{"a1a3":null,"a4":0.0,"a5":0.0,"b1":null,"b2":0.0,"b3":null,"b4":null,"b5":null,"b6":null,"b7":null,"c1":0.0,"c2":0.0,"c3":0.0,"c4":0.0,"d":0.0},"rwd":{"a1a3":null,"a4":0.0,"a5":0.0,"b1":null,"b2":0.0,"b3":null,"b4":null,"b5":null,"b6":null,"b7":null,"c1":0.0,"c2":0.0,"c3":0.0,"c4":0.0,"d":0.0},"cru":{"a1a3":null,"a4":0.0,"a5":0.0,"b1":null,"b2":0.0,"b3":null,"b4":null,"b5":null,"b6":null,"b7":null,"c1":0.0,"c2":0.0,"c3":0.0,"c4":0.0,"d":0.0},"mfr":{"a1a3":null,"a4":0.0,"a5":0.0,"b1":null,"b2":0.0,"b3":null,"b4":null,"b5":null,"b6":null,"b7":null,"c1":0.0,"c2":0.0,"c3":0.0,"c4":0.0,"d":0.0},"mer":{"a1a3":null,"a4":2.27e-7,"a5":3.62e-6,"b1":null,"b2":3.56e-7,"b3":null,"b4":null,"b5":null,"b6":null,"b7":null,"c1":4.11e-10,"c2":2.18e-7,"c3":6.37e-7,"c4":7.07e-8,"d":-0.0000183},"eee":{"a1a3":null,"a4":0.001963742,"a5":0.157022093,"b1":null,"b2":0.003460819,"b3":null,"b4":null,"b5":null,"b6":null,"b7":null,"c1":0.000108636,"c2":0.00188697,"c3":4.037942434,"c4":0.004022699,"d":-0.206955705},"eet":{"a1a3":null,"a4":0.0,"a5":0.0,"b1":null,"b2":0.0,"b3":null,"b4":null,"b5":null,"b6":null,"b7":null,"c1":0.0,"c2":0.0,"c3":0.0,"c4":0.0,"d":0.0},"meta_data":null}