{"id":"35c5f24a-b935-4441-add2-cef5e1ebf1ac","name":"Ceramic Tiles - ENERGIEKER","declared_unit":"M2","version":"1.1","published_date":1577836800,"valid_until":1767225600,"format_version":"1.1.5","source":null,"reference_service_life":null,"standard":"EN15804A1","comment":null,"location":"GLO","subtype":"Generic","conversions":[{"value":21.04,"to":"KG","meta_data":"{\"name\":\"grammage\",\"value\":\"21.04\",\"unit\":\"kg/m^2\",\"unitDescription\":\"kilograms per square metre\"}"}],"gwp":{"a1a3":9.3,"a4":0.499,"a5":2.45,"b1":0.0,"b2":0.0383,"b3":0.0,"b4":0.0,"b5":0.0,"b6":0.0,"b7":0.0,"c1":0.0,"c2":0.0471,"c3":0.0453,"c4":0.105,"d":-0.224},"odp":{"a1a3":6.11e-11,"a4":1.07e-16,"a5":5.81e-12,"b1":0.0,"b2":7.63e-12,"b3":0.0,"b4":0.0,"b5":0.0,"b6":0.0,"b7":0.0,"c1":0.0,"c2":9.96e-18,"c3":1.51e-16,"c4":5.77e-16,"d":-3e-13},"ap":{"a1a3":0.0121,"a4":0.00472,"a5":0.00269,"b1":0.0,"b2":0.0000557,"b3":0.0,"b4":0.0,"b5":0.0,"b6":0.0,"b7":0.0,"c1":0.0,"c2":0.000203,"c3":0.000318,"c4":0.000673,"d":-0.00048},"ep":{"a1a3":0.00163,"a4":0.000533,"a5":0.000613,"b1":0.0,"b2":0.000044,"b3":0.0,"b4":0.0,"b5":0.0,"b6":0.0,"b7":0.0,"c1":0.0,"c2":0.0000503,"c3":0.0000766,"c4":0.0000758,"d":-0.000083},"pocp":{"a1a3":0.00123,"a4":0.000241,"a5":0.000208,"b1":0.0,"b2":6.35e-6,"b3":0.0,"b4":0.0,"b5":0.0,"b6":0.0,"b7":0.0,"c1":0.0,"c2":-0.0000809,"c3":0.0000351,"c4":0.0000506,"d":-0.0000538},"adpe":{"a1a3":0.0000681,"a4":3.67e-8,"a5":8.36e-6,"b1":0.0,"b2":1.27e-8,"b3":0.0,"b4":0.0,"b5":0.0,"b6":0.0,"b7":0.0,"c1":0.0,"c2":5.04e-9,"c3":5.16e-8,"c4":4.05e-8,"d":-6.43e-8},"adpf":{"a1a3":155.0,"a4":6.58,"a5":17.7,"b1":0.0,"b2":0.332,"b3":0.0,"b4":0.0,"b5":0.0,"b6":0.0,"b7":0.0,"c1":0.0,"c2":0.826,"c3":0.882,"c4":1.49,"d":-3.93},"penre":{"a1a3":156.0,"a4":6.6,"a5":19.5,"b1":0.0,"b2":0.351,"b3":0.0,"b4":0.0,"b5":0.0,"b6":0.0,"b7":0.0,"c1":0.0,"c2":0.828,"c3":0.913,"c4":1.53,"d":-4.53},"pere":{"a1a3":12.0,"a4":0.285,"a5":12.7,"b1":0.0,"b2":0.0189,"b3":0.0,"b4":0.0,"b5":0.0,"b6":0.0,"b7":0.0,"c1":0.0,"c2":0.0465,"c3":0.0658,"c4":0.201,"d":-1.46},"perm":{"a1a3":7.74,"a4":0.0,"a5":-8.25,"b1":0.0,"b2":0.0,"b3":0.0,"b4":0.0,"b5":0.0,"b6":0.0,"b7":0.0,"c1":0.0,"c2":0.0,"c3":0.0,"c4":0.0,"d":0.0},"pert":{"a1a3":19.7,"a4":0.285,"a5":5.42,"b1":0.0,"b2":0.0189,"b3":0.0,"b4":0.0,"b5":0.0,"b6":0.0,"b7":0.0,"c1":0.0,"c2":0.0465,"c3":0.0658,"c4":0.201,"d":-1.46},"penrt":{"a1a3":157.0,"a4":6.6,"a5":18.5,"b1":0.0,"b2":0.351,"b3":0.0,"b4":0.0,"b5":0.0,"b6":0.0,"b7":0.0,"c1":0.0,"c2":0.828,"c3":0.913,"c4":1.53,"d":-4.53},"penrm":{"a1a3":1.05,"a4":0.0,"a5":-1.12,"b1":0.0,"b2":0.0,"b3":0.0,"b4":0.0,"b5":0.0,"b6":0.0,"b7":0.0,"c1":0.0,"c2":0.0,"c3":0.0,"c4":0.0,"d":0.0},"sm":{"a1a3":0.0446,"a4":0.0,"a5":0.0029,"b1":0.0,"b2":0.0,"b3":0.0,"b4":0.0,"b5":0.0,"b6":0.0,"b7":0.0,"c1":0.0,"c2":0.0,"c3":0.0,"c4":0.0,"d":17.5},"rsf":{"a1a3":0.0,"a4":0.0,"a5":0.0,"b1":0.0,"b2":0.0,"b3":0.0,"b4":0.0,"b5":0.0,"b6":0.0,"b7":0.0,"c1":0.0,"c2":0.0,"c3":0.0,"c4":0.0,"d":0.0},"nrsf":{"a1a3":0.0,"a4":0.0,"a5":0.0,"b1":0.0,"b2":0.0,"b3":0.0,"b4":0.0,"b5":0.0,"b6":0.0,"b7":0.0,"c1":0.0,"c2":0.0,"c3":0.0,"c4":0.0,"d":0.0},"fw":{"a1a3":0.0227,"a4":0.000336,"a5":0.00567,"b1":0.0,"b2":0.000273,"b3":0.0,"b4":0.0,"b5":0.0,"b6":0.0,"b7":0.0,"c1":0.0,"c2":0.0000539,"c3":0.000257,"c4":0.000386,"d":-0.00111},"hwd":{"a1a3":2.52e-6,"a4":2.25e-7,"a5":2.63e-7,"b1":0.0,"b2":0.00254,"b3":0.0,"b4":0.0,"b5":0.0,"b6":0.0,"b7":0.0,"c1":0.0,"c2":3.85e-8,"c3":2.39e-8,"c4":2.34e-8,"d":-2.13e-8},"nhwd":{"a1a3":0.537,"a4":0.000948,"a5":1.57,"b1":0.0,"b2":0.00631,"b3":0.0,"b4":0.0,"b5":0.0,"b6":0.0,"b7":0.0,"c1":0.0,"c2":0.000127,"c3":0.000247,"c4":7.71,"d":-0.729},"rwd":{"a1a3":0.00103,"a4":0.0000109,"a5":0.000293,"b1":0.0,"b2":8.01e-6,"b3":0.0,"b4":0.0,"b5":0.0,"b6":0.0,"b7":0.0,"c1":0.0,"c2":1.03e-6,"c3":0.0000121,"c4":0.0000174,"d":-0.000239},"cru":{"a1a3":0.0,"a4":0.0,"a5":0.183,"b1":0.0,"b2":0.0,"b3":0.0,"b4":0.0,"b5":0.0,"b6":0.0,"b7":0.0,"c1":0.0,"c2":0.0,"c3":0.0,"c4":0.0,"d":0.0},"mfr":{"a1a3":0.0,"a4":0.0,"a5":0.125,"b1":0.0,"b2":0.0,"b3":0.0,"b4":0.0,"b5":0.0,"b6":0.0,"b7":0.0,"c1":0.0,"c2":0.0,"c3":18.0,"c4":0.0,"d":0.0},"mer":{"a1a3":0.0,"a4":0.0,"a5":0.0,"b1":0.0,"b2":0.0,"b3":0.0,"b4":0.0,"b5":0.0,"b6":0.0,"b7":0.0,"c1":0.0,"c2":0.0,"c3":0.0,"c4":0.0,"d":0.0},"eee":{"a1a3":0.0,"a4":0.0,"a5":0.612,"b1":0.0,"b2":0.0,"b3":0.0,"b4":0.0,"b5":0.0,"b6":0.0,"b7":0.0,"c1":0.0,"c2":0.0,"c3":0.0,"c4":0.0,"d":0.0},"eet":{"a1a3":0.0,"a4":0.0,"a5":0.9,"b1":0.0,"b2":0.0,"b3":0.0,"b4":0.0,"b5":0.0,"b6":0.0,"b7":0.0,"c1":0.0,"c2":0.0,"c3":0.0,"c4":0.0,"d":0.0},"meta_data":null}