{"id":"3ef110f5-f1ef-4f46-9589-5029279af45b","name":"Air, wind and water barrier membranes and Vapor control layers: TRASPIR EVO 220","declared_unit":"M2","version":"1.1","published_date":1609459200,"valid_until":1767225600,"format_version":"1.1.5","source":null,"reference_service_life":null,"standard":"EN15804A2","comment":null,"location":"IT","subtype":"Specific","conversions":[],"gwp":{"a1a3":null,"a4":0.0066,"a5":0.0975,"b1":0.0,"b2":0.0,"b3":0.0,"b4":0.0,"b5":0.0,"b6":0.0,"b7":0.0,"c1":0.00292,"c2":0.0073,"c3":0.114,"c4":0.0149,"d":-0.128},"odp":{"a1a3":null,"a4":0.0,"a5":0.0,"b1":0.0,"b2":0.0,"b3":0.0,"b4":0.0,"b5":0.0,"b6":0.0,"b7":0.0,"c1":0.0,"c2":0.0,"c3":0.0,"c4":0.0,"d":0.0},"ap":{"a1a3":null,"a4":0.000146,"a5":0.000166,"b1":0.0,"b2":0.0,"b3":0.0,"b4":0.0,"b5":0.0,"b6":0.0,"b7":0.0,"c1":6.02e-6,"c2":0.0000206,"c3":0.0000331,"c4":0.0000399,"d":-0.000221},"ep":null,"pocp":{"a1a3":null,"a4":0.000106,"a5":0.000161,"b1":0.0,"b2":0.0,"b3":0.0,"b4":0.0,"b5":0.0,"b6":0.0,"b7":0.0,"c1":3.88e-6,"c2":0.0000184,"c3":0.0000243,"c4":0.0000316,"d":-0.000224},"adpe":{"a1a3":null,"a4":3.74e-10,"a5":3.18e-8,"b1":0.0,"b2":0.0,"b3":0.0,"b4":0.0,"b5":0.0,"b6":0.0,"b7":0.0,"c1":8.52e-10,"c2":5.53e-10,"c3":2.95e-9,"c4":8.56e-10,"d":-1.69e-8},"adpf":{"a1a3":null,"a4":0.0833,"a5":2.29,"b1":0.0,"b2":0.0,"b3":0.0,"b4":0.0,"b5":0.0,"b6":0.0,"b7":0.0,"c1":0.0515,"c2":0.0968,"c3":0.248,"c4":0.183,"d":-3.73},"penre":{"a1a3":null,"a4":0.0835,"a5":1.3,"b1":0.0,"b2":0.0,"b3":0.0,"b4":0.0,"b5":0.0,"b6":0.0,"b7":0.0,"c1":0.0515,"c2":0.0969,"c3":1.29,"c4":0.183,"d":-3.73},"pere":{"a1a3":null,"a4":0.00246,"a5":0.14,"b1":0.0,"b2":0.0,"b3":0.0,"b4":0.0,"b5":0.0,"b6":0.0,"b7":0.0,"c1":0.0237,"c2":0.0054,"c3":0.0643,"c4":0.013,"d":-0.248},"perm":{"a1a3":null,"a4":0.0,"a5":0.00984,"b1":0.0,"b2":0.0,"b3":0.0,"b4":0.0,"b5":0.0,"b6":0.0,"b7":0.0,"c1":0.0,"c2":0.0,"c3":0.0,"c4":0.0,"d":0.0},"pert":null,"penrt":{"a1a3":null,"a4":0.0835,"a5":2.29,"b1":0.0,"b2":0.0,"b3":0.0,"b4":0.0,"b5":0.0,"b6":0.0,"b7":0.0,"c1":0.0515,"c2":0.0969,"c3":0.248,"c4":0.183,"d":-3.73},"penrm":{"a1a3":null,"a4":0.0,"a5":0.989,"b1":0.0,"b2":0.0,"b3":0.0,"b4":0.0,"b5":0.0,"b6":0.0,"b7":0.0,"c1":0.0,"c2":0.0,"c3":-1.05,"c4":0.0,"d":0.0},"sm":{"a1a3":null,"a4":0.0,"a5":0.000143,"b1":0.0,"b2":0.0,"b3":0.0,"b4":0.0,"b5":0.0,"b6":0.0,"b7":0.0,"c1":0.0,"c2":0.0,"c3":0.0,"c4":0.0,"d":0.0},"rsf":{"a1a3":null,"a4":0.0,"a5":0.0,"b1":0.0,"b2":0.0,"b3":0.0,"b4":0.0,"b5":0.0,"b6":0.0,"b7":0.0,"c1":0.0,"c2":0.0,"c3":0.0,"c4":0.0,"d":0.0},"nrsf":{"a1a3":null,"a4":0.0,"a5":0.0,"b1":0.0,"b2":0.0,"b3":0.0,"b4":0.0,"b5":0.0,"b6":0.0,"b7":0.0,"c1":0.0,"c2":0.0,"c3":0.0,"c4":0.0,"d":0.0},"fw":{"a1a3":null,"a4":2.89e-6,"a5":0.000392,"b1":0.0,"b2":0.0,"b3":0.0,"b4":0.0,"b5":0.0,"b6":0.0,"b7":0.0,"c1":0.0000231,"c2":6.18e-6,"c3":0.000293,"c4":3.13e-6,"d":-0.000553},"hwd":{"a1a3":null,"a4":2e-12,"a5":3.94e-10,"b1":0.0,"b2":0.0,"b3":0.0,"b4":0.0,"b5":0.0,"b6":0.0,"b7":0.0,"c1":1.4e-11,"c2":5e-12,"c3":5.2e-11,"c4":3.3e-11,"d":-7.72e-10},"nhwd":{"a1a3":null,"a4":0.0000107,"a5":0.00619,"b1":0.0,"b2":0.0,"b3":0.0,"b4":0.0,"b5":0.0,"b6":0.0,"b7":0.0,"c1":0.0000365,"c2":0.0000144,"c3":0.00493,"c4":0.176,"d":-0.000914},"rwd":{"a1a3":null,"a4":1.21e-7,"a5":0.0000316,"b1":0.0,"b2":0.0,"b3":0.0,"b4":0.0,"b5":0.0,"b6":0.0,"b7":0.0,"c1":7.67e-6,"c2":1.17e-7,"c3":0.0000206,"c4":2.02e-6,"d":-0.0000791},"cru":{"a1a3":null,"a4":0.0,"a5":0.0,"b1":0.0,"b2":0.0,"b3":0.0,"b4":0.0,"b5":0.0,"b6":0.0,"b7":0.0,"c1":0.0,"c2":0.0,"c3":0.0,"c4":0.0,"d":0.0},"mfr":{"a1a3":null,"a4":0.0,"a5":0.000869,"b1":0.0,"b2":0.0,"b3":0.0,"b4":0.0,"b5":0.0,"b6":0.0,"b7":0.0,"c1":0.0,"c2":0.0,"c3":0.0444,"c4":0.0,"d":0.0},"mer":{"a1a3":null,"a4":0.0,"a5":0.0,"b1":0.0,"b2":0.0,"b3":0.0,"b4":0.0,"b5":0.0,"b6":0.0,"b7":0.0,"c1":0.0,"c2":0.0,"c3":0.0,"c4":0.0,"d":0.0},"eee":{"a1a3":null,"a4":0.0,"a5":0.00786,"b1":0.0,"b2":0.0,"b3":0.0,"b4":0.0,"b5":0.0,"b6":0.0,"b7":0.0,"c1":0.0,"c2":0.0,"c3":0.177,"c4":0.0,"d":0.0},"eet":{"a1a3":null,"a4":0.0,"a5":0.0101,"b1":0.0,"b2":0.0,"b3":0.0,"b4":0.0,"b5":0.0,"b6":0.0,"b7":0.0,"c1":0.0,"c2":0.0,"c3":0.324,"c4":0.0,"d":0.0},"meta_data":null}