{"id":"4082229e-d224-4ae8-86a4-54ee9232ded4","name":"Air, wind and water barrier membranes and Vapor control layers: TRASPIR EVO SEAL 200","declared_unit":"M2","version":"1.1","published_date":1609459200,"valid_until":1767225600,"format_version":"1.1.5","source":null,"reference_service_life":null,"standard":"EN15804A2","comment":null,"location":"IT","subtype":"Specific","conversions":[],"gwp":{"a1a3":null,"a4":0.00684,"a5":0.0951,"b1":0.0,"b2":0.0,"b3":0.0,"b4":0.0,"b5":0.0,"b6":0.0,"b7":0.0,"c1":0.00267,"c2":0.00666,"c3":0.204,"c4":0.0118,"d":-0.158},"odp":{"a1a3":null,"a4":0.0,"a5":0.0,"b1":0.0,"b2":0.0,"b3":0.0,"b4":0.0,"b5":0.0,"b6":0.0,"b7":0.0,"c1":0.0,"c2":0.0,"c3":0.0,"c4":0.0,"d":0.0},"ap":{"a1a3":null,"a4":0.000165,"a5":0.000359,"b1":0.0,"b2":0.0,"b3":0.0,"b4":0.0,"b5":0.0,"b6":0.0,"b7":0.0,"c1":5.5e-6,"c2":0.0000188,"c3":0.0000441,"c4":0.0000292,"d":-0.000245},"ep":null,"pocp":{"a1a3":null,"a4":0.000119,"a5":0.000189,"b1":0.0,"b2":0.0,"b3":0.0,"b4":0.0,"b5":0.0,"b6":0.0,"b7":0.0,"c1":3.54e-6,"c2":0.0000168,"c3":0.0000332,"c4":0.0000245,"d":-0.000235},"adpe":{"a1a3":null,"a4":3.65e-10,"a5":0.0000164,"b1":0.0,"b2":0.0,"b3":0.0,"b4":0.0,"b5":0.0,"b6":0.0,"b7":0.0,"c1":7.77e-10,"c2":5.05e-10,"c3":2.67e-9,"c4":5.98e-10,"d":-2.23e-8},"adpf":{"a1a3":null,"a4":0.0858,"a5":2.1,"b1":0.0,"b2":0.0,"b3":0.0,"b4":0.0,"b5":0.0,"b6":0.0,"b7":0.0,"c1":0.047,"c2":0.0883,"c3":0.229,"c4":0.129,"d":-3.88},"penre":{"a1a3":null,"a4":0.086,"a5":1.12,"b1":0.0,"b2":0.0,"b3":0.0,"b4":0.0,"b5":0.0,"b6":0.0,"b7":0.0,"c1":0.047,"c2":0.0884,"c3":2.53,"c4":0.129,"d":-3.88},"pere":{"a1a3":null,"a4":0.00228,"a5":0.171,"b1":0.0,"b2":0.0,"b3":0.0,"b4":0.0,"b5":0.0,"b6":0.0,"b7":0.0,"c1":0.0217,"c2":0.00493,"c3":0.0581,"c4":0.009,"d":-0.41},"perm":{"a1a3":null,"a4":0.0,"a5":-0.00457,"b1":0.0,"b2":0.0,"b3":0.0,"b4":0.0,"b5":0.0,"b6":0.0,"b7":0.0,"c1":0.0,"c2":0.0,"c3":0.0,"c4":0.0,"d":0.0},"pert":null,"penrt":{"a1a3":null,"a4":0.086,"a5":2.1,"b1":0.0,"b2":0.0,"b3":0.0,"b4":0.0,"b5":0.0,"b6":0.0,"b7":0.0,"c1":0.047,"c2":0.0884,"c3":0.229,"c4":0.129,"d":-3.88},"penrm":{"a1a3":null,"a4":0.0,"a5":0.974,"b1":0.0,"b2":0.0,"b3":0.0,"b4":0.0,"b5":0.0,"b6":0.0,"b7":0.0,"c1":0.0,"c2":0.0,"c3":-2.3,"c4":0.0,"d":0.0},"sm":{"a1a3":null,"a4":0.0,"a5":0.0000768,"b1":0.0,"b2":0.0,"b3":0.0,"b4":0.0,"b5":0.0,"b6":0.0,"b7":0.0,"c1":0.0,"c2":0.0,"c3":0.0,"c4":0.0,"d":0.0},"rsf":{"a1a3":null,"a4":0.0,"a5":0.0,"b1":0.0,"b2":0.0,"b3":0.0,"b4":0.0,"b5":0.0,"b6":0.0,"b7":0.0,"c1":0.0,"c2":0.0,"c3":0.0,"c4":0.0,"d":0.0},"nrsf":{"a1a3":null,"a4":0.0,"a5":0.0,"b1":0.0,"b2":0.0,"b3":0.0,"b4":0.0,"b5":0.0,"b6":0.0,"b7":0.0,"c1":0.0,"c2":0.0,"c3":0.0,"c4":0.0,"d":0.0},"fw":{"a1a3":null,"a4":2.69e-6,"a5":0.000469,"b1":0.0,"b2":0.0,"b3":0.0,"b4":0.0,"b5":0.0,"b6":0.0,"b7":0.0,"c1":0.0000211,"c2":5.64e-6,"c3":0.000491,"c4":2.97e-6,"d":-0.000654},"hwd":{"a1a3":null,"a4":2e-12,"a5":4.89e-9,"b1":0.0,"b2":0.0,"b3":0.0,"b4":0.0,"b5":0.0,"b6":0.0,"b7":0.0,"c1":1.2e-11,"c2":4e-12,"c3":4.8e-11,"c4":2.3e-11,"d":-9.15e-10},"nhwd":{"a1a3":null,"a4":0.0000107,"a5":0.00884,"b1":0.0,"b2":0.0,"b3":0.0,"b4":0.0,"b5":0.0,"b6":0.0,"b7":0.0,"c1":0.0000333,"c2":0.0000131,"c3":0.00613,"c4":0.125,"d":-0.00118},"rwd":{"a1a3":null,"a4":1.21e-7,"a5":0.0000339,"b1":0.0,"b2":0.0,"b3":0.0,"b4":0.0,"b5":0.0,"b6":0.0,"b7":0.0,"c1":7e-6,"c2":1.07e-7,"c3":0.0000185,"c4":1.36e-6,"d":-0.000132},"cru":{"a1a3":null,"a4":0.0,"a5":0.0,"b1":0.0,"b2":0.0,"b3":0.0,"b4":0.0,"b5":0.0,"b6":0.0,"b7":0.0,"c1":0.0,"c2":0.0,"c3":0.0,"c4":0.0,"d":0.0},"mfr":{"a1a3":null,"a4":0.0,"a5":0.000529,"b1":0.0,"b2":0.0,"b3":0.0,"b4":0.0,"b5":0.0,"b6":0.0,"b7":0.0,"c1":0.0,"c2":0.0,"c3":0.0379,"c4":0.0,"d":0.0},"mer":{"a1a3":null,"a4":0.0,"a5":0.0,"b1":0.0,"b2":0.0,"b3":0.0,"b4":0.0,"b5":0.0,"b6":0.0,"b7":0.0,"c1":0.0,"c2":0.0,"c3":0.0,"c4":0.0,"d":0.0},"eee":{"a1a3":null,"a4":0.0,"a5":0.00858,"b1":0.0,"b2":0.0,"b3":0.0,"b4":0.0,"b5":0.0,"b6":0.0,"b7":0.0,"c1":0.0,"c2":0.0,"c3":0.37,"c4":0.0,"d":0.0},"eet":{"a1a3":null,"a4":0.0,"a5":0.0114,"b1":0.0,"b2":0.0,"b3":0.0,"b4":0.0,"b5":0.0,"b6":0.0,"b7":0.0,"c1":0.0,"c2":0.0,"c3":0.662,"c4":0.0,"d":0.0},"meta_data":null}