{"id":"46e8e502-1179-4636-bc62-b6b29dca71d6","name":"Air, wind and water barrier membranes and Vapor control layers: TRASPIR NET 160","declared_unit":"M2","version":"1.1","published_date":1609459200,"valid_until":1767225600,"format_version":"1.1.5","source":null,"reference_service_life":null,"standard":"EN15804A2","comment":null,"location":"IT","subtype":"Specific","conversions":[],"gwp":{"a1a3":null,"a4":0.0276,"a5":0.0915,"b1":0.0,"b2":0.0,"b3":0.0,"b4":0.0,"b5":0.0,"b6":0.0,"b7":0.0,"c1":0.00191,"c2":0.00477,"c3":0.0203,"c4":0.0129,"d":-0.0175},"odp":{"a1a3":null,"a4":0.0,"a5":0.0,"b1":0.0,"b2":0.0,"b3":0.0,"b4":0.0,"b5":0.0,"b6":0.0,"b7":0.0,"c1":0.0,"c2":0.0,"c3":0.0,"c4":0.0,"d":0.0},"ap":{"a1a3":null,"a4":0.000628,"a5":0.000117,"b1":0.0,"b2":0.0,"b3":0.0,"b4":0.0,"b5":0.0,"b6":0.0,"b7":0.0,"c1":3.94e-6,"c2":0.0000134,"c3":3.86e-6,"c4":0.0000368,"d":-0.000027},"ep":null,"pocp":{"a1a3":null,"a4":0.000456,"a5":0.000113,"b1":0.0,"b2":0.0,"b3":0.0,"b4":0.0,"b5":0.0,"b6":0.0,"b7":0.0,"c1":2.54e-6,"c2":0.000012,"c3":2.9e-6,"c4":0.0000307,"d":-0.0000241},"adpe":{"a1a3":null,"a4":1.54e-9,"a5":1.55e-6,"b1":0.0,"b2":0.0,"b3":0.0,"b4":0.0,"b5":0.0,"b6":0.0,"b7":0.0,"c1":5.57e-10,"c2":3.62e-10,"c3":1.96e-10,"c4":7.63e-10,"d":-2.86e-9},"adpf":{"a1a3":null,"a4":0.348,"a5":1.57,"b1":0.0,"b2":0.0,"b3":0.0,"b4":0.0,"b5":0.0,"b6":0.0,"b7":0.0,"c1":0.0337,"c2":0.0632,"c3":0.0178,"c4":0.161,"d":-0.402},"penre":{"a1a3":null,"a4":0.349,"a5":0.821,"b1":0.0,"b2":0.0,"b3":0.0,"b4":0.0,"b5":0.0,"b6":0.0,"b7":0.0,"c1":0.0337,"c2":0.0633,"c3":0.252,"c4":0.161,"d":-0.402},"pere":{"a1a3":null,"a4":0.00997,"a5":0.0949,"b1":0.0,"b2":0.0,"b3":0.0,"b4":0.0,"b5":0.0,"b6":0.0,"b7":0.0,"c1":0.0155,"c2":0.00353,"c3":0.00477,"c4":0.0118,"d":-0.0599},"perm":{"a1a3":null,"a4":0.0,"a5":0.0227,"b1":0.0,"b2":0.0,"b3":0.0,"b4":0.0,"b5":0.0,"b6":0.0,"b7":0.0,"c1":0.0,"c2":0.0,"c3":0.0,"c4":0.0,"d":0.0},"pert":null,"penrt":{"a1a3":null,"a4":0.349,"a5":1.57,"b1":0.0,"b2":0.0,"b3":0.0,"b4":0.0,"b5":0.0,"b6":0.0,"b7":0.0,"c1":0.0337,"c2":0.0633,"c3":0.0178,"c4":0.161,"d":-0.402},"penrm":{"a1a3":null,"a4":0.0,"a5":0.747,"b1":0.0,"b2":0.0,"b3":0.0,"b4":0.0,"b5":0.0,"b6":0.0,"b7":0.0,"c1":0.0,"c2":0.0,"c3":-0.234,"c4":0.0,"d":0.0},"sm":{"a1a3":null,"a4":0.0,"a5":0.000385,"b1":0.0,"b2":0.0,"b3":0.0,"b4":0.0,"b5":0.0,"b6":0.0,"b7":0.0,"c1":0.0,"c2":0.0,"c3":0.0,"c4":0.0,"d":0.0},"rsf":{"a1a3":null,"a4":0.0,"a5":0.0,"b1":0.0,"b2":0.0,"b3":0.0,"b4":0.0,"b5":0.0,"b6":0.0,"b7":0.0,"c1":0.0,"c2":0.0,"c3":0.0,"c4":0.0,"d":0.0},"nrsf":{"a1a3":null,"a4":0.0,"a5":0.0,"b1":0.0,"b2":0.0,"b3":0.0,"b4":0.0,"b5":0.0,"b6":0.0,"b7":0.0,"c1":0.0,"c2":0.0,"c3":0.0,"c4":0.0,"d":0.0},"fw":{"a1a3":null,"a4":0.0000117,"a5":0.000245,"b1":0.0,"b2":0.0,"b3":0.0,"b4":0.0,"b5":0.0,"b6":0.0,"b7":0.0,"c1":0.0000151,"c2":4.04e-6,"c3":0.0000474,"c4":4.6e-6,"d":-0.0000785},"hwd":{"a1a3":null,"a4":1e-11,"a5":6.5e-10,"b1":0.0,"b2":0.0,"b3":0.0,"b4":0.0,"b5":0.0,"b6":0.0,"b7":0.0,"c1":9e-12,"c2":3e-12,"c3":4e-12,"c4":2.9e-11,"d":-8.2e-11},"nhwd":{"a1a3":null,"a4":0.0000442,"a5":0.0258,"b1":0.0,"b2":0.0,"b3":0.0,"b4":0.0,"b5":0.0,"b6":0.0,"b7":0.0,"c1":0.0000239,"c2":9.41e-6,"c3":0.000386,"c4":0.155,"d":-0.000141},"rwd":{"a1a3":null,"a4":5.02e-7,"a5":0.0000232,"b1":0.0,"b2":0.0,"b3":0.0,"b4":0.0,"b5":0.0,"b6":0.0,"b7":0.0,"c1":5.01e-6,"c2":7.66e-8,"c3":1.49e-6,"c4":1.88e-6,"d":-0.0000193},"cru":{"a1a3":null,"a4":0.0,"a5":0.0,"b1":0.0,"b2":0.0,"b3":0.0,"b4":0.0,"b5":0.0,"b6":0.0,"b7":0.0,"c1":0.0,"c2":0.0,"c3":0.0,"c4":0.0,"d":0.0},"mfr":{"a1a3":null,"a4":0.0,"a5":0.000171,"b1":0.0,"b2":0.0,"b3":0.0,"b4":0.0,"b5":0.0,"b6":0.0,"b7":0.0,"c1":0.0,"c2":0.0,"c3":0.00306,"c4":0.0,"d":0.0},"mer":{"a1a3":null,"a4":0.0,"a5":0.0,"b1":0.0,"b2":0.0,"b3":0.0,"b4":0.0,"b5":0.0,"b6":0.0,"b7":0.0,"c1":0.0,"c2":0.0,"c3":0.0,"c4":0.0,"d":0.0},"eee":{"a1a3":null,"a4":0.0,"a5":0.0128,"b1":0.0,"b2":0.0,"b3":0.0,"b4":0.0,"b5":0.0,"b6":0.0,"b7":0.0,"c1":0.0,"c2":0.0,"c3":0.0466,"c4":0.0,"d":0.0},"eet":{"a1a3":null,"a4":0.0,"a5":0.00811,"b1":0.0,"b2":0.0,"b3":0.0,"b4":0.0,"b5":0.0,"b6":0.0,"b7":0.0,"c1":0.0,"c2":0.0,"c3":0.0665,"c4":0.0,"d":0.0},"meta_data":null}