{"id":"4dde2ca4-55f8-431a-aa34-7d732977dbbf","name":"Miscele di calcestruzzo riciclato: Rck C25/30","declared_unit":"M3","version":"1.1","published_date":1546300800,"valid_until":1798761600,"format_version":"1.1.5","source":null,"reference_service_life":null,"standard":"EN15804A2","comment":null,"location":"IT","subtype":"Specific","conversions":[],"gwp":{"a1a3":262.0,"a4":4.39,"a5":6.4,"b1":null,"b2":null,"b3":null,"b4":null,"b5":null,"b6":null,"b7":null,"c1":13.1,"c2":42.2,"c3":3.24,"c4":0.000428,"d":-13.8},"odp":{"a1a3":0.0000117,"a4":9.37e-7,"a5":1.36e-6,"b1":null,"b2":null,"b3":null,"b4":null,"b5":null,"b6":null,"b7":null,"c1":2.78e-6,"c2":9.16e-6,"c3":6.37e-7,"c4":2.1e-10,"d":-1.62e-6},"ap":{"a1a3":0.536,"a4":0.0608,"a5":0.0879,"b1":null,"b2":null,"b3":null,"b4":null,"b5":null,"b6":null,"b7":null,"c1":0.18,"c2":0.498,"c3":0.0371,"c4":4.94e-6,"d":-0.0756},"ep":null,"pocp":{"a1a3":0.536,"a4":0.0608,"a5":0.0879,"b1":null,"b2":null,"b3":null,"b4":null,"b5":null,"b6":null,"b7":null,"c1":0.18,"c2":0.498,"c3":0.0371,"c4":4.94e-6,"d":-0.0756},"adpe":{"a1a3":0.000503,"a4":2.25e-6,"a5":3.38e-6,"b1":null,"b2":null,"b3":null,"b4":null,"b5":null,"b6":null,"b7":null,"c1":7e-6,"c2":0.000047,"c3":2.62e-6,"c4":8.28e-10,"d":-0.000168},"adpf":{"a1a3":1220.0,"a4":60.1,"a5":87.8,"b1":null,"b2":null,"b3":null,"b4":null,"b5":null,"b6":null,"b7":null,"c1":179.0,"c2":590.0,"c3":45.6,"c4":0.0137,"d":-174.0},"penre":{"a1a3":1300.0,"a4":63.8,"a5":93.2,"b1":null,"b2":null,"b3":null,"b4":null,"b5":null,"b6":null,"b7":null,"c1":190.0,"c2":627.0,"c3":48.6,"c4":0.0146,"d":-186.0},"pere":{"a1a3":77.3,"a4":0.338,"a5":0.533,"b1":null,"b2":null,"b3":null,"b4":null,"b5":null,"b6":null,"b7":null,"c1":1.06,"c2":4.42,"c3":0.678,"c4":0.00028,"d":-8.14},"perm":{"a1a3":0.0164,"a4":0.0731,"a5":0.112,"b1":null,"b2":null,"b3":null,"b4":null,"b5":null,"b6":null,"b7":null,"c1":0.227,"c2":0.987,"c3":0.115,"c4":0.000118,"d":-1.98},"pert":{"a1a3":92.3,"a4":0.411,"a5":0.645,"b1":null,"b2":null,"b3":null,"b4":null,"b5":null,"b6":null,"b7":null,"c1":1.29,"c2":5.4,"c3":0.792,"c4":0.000398,"d":-10.1},"penrt":{"a1a3":1300.0,"a4":63.8,"a5":93.2,"b1":null,"b2":null,"b3":null,"b4":null,"b5":null,"b6":null,"b7":null,"c1":190.0,"c2":627.0,"c3":48.6,"c4":0.0146,"d":-186.0},"penrm":{"a1a3":0.0,"a4":0.0,"a5":0.0,"b1":null,"b2":null,"b3":null,"b4":null,"b5":null,"b6":null,"b7":null,"c1":0.0,"c2":0.0,"c3":0.0,"c4":0.0,"d":0.0},"sm":{"a1a3":178.0,"a4":0.0,"a5":0.0,"b1":null,"b2":null,"b3":null,"b4":null,"b5":null,"b6":null,"b7":null,"c1":0.0,"c2":0.0,"c3":0.0,"c4":0.0,"d":0.0},"rsf":{"a1a3":0.0,"a4":0.0,"a5":0.0,"b1":null,"b2":null,"b3":null,"b4":null,"b5":null,"b6":null,"b7":null,"c1":0.0,"c2":0.0,"c3":0.0,"c4":0.0,"d":0.0},"nrsf":{"a1a3":0.0,"a4":0.0,"a5":0.0,"b1":null,"b2":null,"b3":null,"b4":null,"b5":null,"b6":null,"b7":null,"c1":0.0,"c2":0.0,"c3":0.0,"c4":0.0,"d":0.0},"fw":{"a1a3":3.27,"a4":0.00303,"a5":0.0148,"b1":null,"b2":null,"b3":null,"b4":null,"b5":null,"b6":null,"b7":null,"c1":0.288,"c2":0.0367,"c3":0.103,"c4":0.0000165,"d":-0.773},"hwd":{"a1a3":0.00136,"a4":0.000165,"a5":0.000239,"b1":null,"b2":null,"b3":null,"b4":null,"b5":null,"b6":null,"b7":null,"c1":0.00049,"c2":0.0016,"c3":0.00011,"c4":1.52e-8,"d":-0.000598},"nhwd":{"a1a3":49.6,"a4":0.0802,"a5":0.118,"b1":null,"b2":null,"b3":null,"b4":null,"b5":null,"b6":null,"b7":null,"c1":0.251,"c2":7.27,"c3":0.0714,"c4":0.0999,"d":-1.97},"rwd":{"a1a3":0.00606,"a4":0.000415,"a5":0.000602,"b1":null,"b2":null,"b3":null,"b4":null,"b5":null,"b6":null,"b7":null,"c1":0.00123,"c2":0.00405,"c3":0.000275,"c4":9.25e-8,"d":-0.000671},"cru":{"a1a3":0.0,"a4":0.0,"a5":0.0,"b1":null,"b2":null,"b3":null,"b4":null,"b5":null,"b6":null,"b7":null,"c1":0.0,"c2":0.0,"c3":0.0,"c4":0.0,"d":0.0},"mfr":{"a1a3":0.0,"a4":0.0,"a5":0.0,"b1":null,"b2":null,"b3":null,"b4":null,"b5":null,"b6":null,"b7":null,"c1":0.0,"c2":0.0,"c3":0.0,"c4":0.0,"d":0.0},"mer":{"a1a3":0.0,"a4":0.0,"a5":0.0,"b1":null,"b2":null,"b3":null,"b4":null,"b5":null,"b6":null,"b7":null,"c1":0.0,"c2":0.0,"c3":0.0,"c4":0.0,"d":0.0},"eee":{"a1a3":0.0,"a4":0.0,"a5":0.0,"b1":null,"b2":null,"b3":null,"b4":null,"b5":null,"b6":null,"b7":null,"c1":0.0,"c2":0.0,"c3":0.0,"c4":0.0,"d":0.0},"eet":{"a1a3":0.0,"a4":0.0,"a5":0.0,"b1":null,"b2":null,"b3":null,"b4":null,"b5":null,"b6":null,"b7":null,"c1":0.0,"c2":0.0,"c3":0.0,"c4":0.0,"d":0.0},"meta_data":null}