{"id":"55ecdfe0-d7dc-4453-a36a-ec56d8b59a04","name":"Prestigio section – PVC window 1,23m x 1,48m: White PVC - Double Glazing","declared_unit":"M2","version":"1.1","published_date":1672531200,"valid_until":1830297600,"format_version":"1.1.5","source":null,"reference_service_life":null,"standard":"EN15804A2","comment":null,"location":"FR","subtype":"Specific","conversions":[],"gwp":{"a1a3":null,"a4":0.563901147,"a5":3.435554198,"b1":null,"b2":0.214413903,"b3":null,"b4":null,"b5":null,"b6":null,"b7":null,"c1":0.003686541,"c2":0.545811668,"c3":5.456068564,"c4":3.035444278,"d":-12.38436091},"odp":{"a1a3":null,"a4":1.29e-7,"a5":1.4e-7,"b1":null,"b2":1.25e-7,"b3":null,"b4":null,"b5":null,"b6":null,"b7":null,"c1":4.91e-10,"c2":1.26e-7,"c3":3.84e-7,"c4":4.05e-8,"d":-5.07e-6},"ap":{"a1a3":null,"a4":0.001731798,"a5":0.007014089,"b1":null,"b2":0.001554479,"b3":null,"b4":null,"b5":null,"b6":null,"b7":null,"c1":0.0000137,"c2":0.001544469,"c3":0.008951454,"c4":0.001045574,"d":-0.052391994},"ep":null,"pocp":{"a1a3":null,"a4":0.001535171,"a5":0.006554791,"b1":null,"b2":0.004286951,"b3":null,"b4":null,"b5":null,"b6":null,"b7":null,"c1":7.03e-6,"c2":0.001315352,"c3":0.009346378,"c4":0.001772228,"d":-0.02847048},"adpe":{"a1a3":null,"a4":2.15e-6,"a5":0.000014,"b1":null,"b2":3.19e-6,"b3":null,"b4":null,"b5":null,"b6":null,"b7":null,"c1":4.28e-9,"c2":1.97e-6,"c3":4.92e-6,"c4":3.68e-7,"d":-0.000187607},"adpf":{"a1a3":null,"a4":8.331756387,"a5":19.12366161,"b1":null,"b2":9.860870712,"b3":null,"b4":null,"b5":null,"b6":null,"b7":null,"c1":0.047115536,"c2":8.092087196,"c3":26.08064675,"c4":2.817956227,"d":-260.4475155},"penre":{"a1a3":null,"a4":0.0,"a5":0.0,"b1":null,"b2":0.0,"b3":null,"b4":null,"b5":null,"b6":null,"b7":null,"c1":0.0,"c2":0.0,"c3":0.0,"c4":0.0,"d":0.0},"pere":{"a1a3":null,"a4":0.0,"a5":0.0,"b1":null,"b2":0.0,"b3":null,"b4":null,"b5":null,"b6":null,"b7":null,"c1":0.0,"c2":0.0,"c3":0.0,"c4":0.0,"d":0.0},"perm":{"a1a3":null,"a4":0.0,"a5":0.0,"b1":null,"b2":0.0,"b3":null,"b4":null,"b5":null,"b6":null,"b7":null,"c1":0.0,"c2":0.0,"c3":0.0,"c4":0.0,"d":0.0},"pert":null,"penrt":{"a1a3":null,"a4":0.0,"a5":0.0,"b1":null,"b2":0.0,"b3":null,"b4":null,"b5":null,"b6":null,"b7":null,"c1":0.0,"c2":0.0,"c3":0.0,"c4":0.0,"d":0.0},"penrm":{"a1a3":null,"a4":0.0,"a5":0.0,"b1":null,"b2":0.0,"b3":null,"b4":null,"b5":null,"b6":null,"b7":null,"c1":0.0,"c2":0.0,"c3":0.0,"c4":0.0,"d":0.0},"sm":{"a1a3":null,"a4":0.002960178,"a5":0.203588606,"b1":null,"b2":0.001895862,"b3":null,"b4":null,"b5":null,"b6":null,"b7":null,"c1":3.99e-6,"c2":0.00275459,"c3":0.009079549,"c4":0.000945307,"d":-5.797393112},"rsf":{"a1a3":null,"a4":0.000033,"a5":0.002412554,"b1":null,"b2":0.000132228,"b3":null,"b4":null,"b5":null,"b6":null,"b7":null,"c1":3.42e-8,"c2":0.0000303,"c3":0.0000925,"c4":0.0000323,"d":-0.00129107},"nrsf":{"a1a3":null,"a4":0.0,"a5":0.0,"b1":null,"b2":0.0,"b3":null,"b4":null,"b5":null,"b6":null,"b7":null,"c1":0.0,"c2":0.0,"c3":0.0,"c4":0.0,"d":0.0},"fw":{"a1a3":null,"a4":0.0,"a5":0.0,"b1":null,"b2":0.0,"b3":null,"b4":null,"b5":null,"b6":null,"b7":null,"c1":0.0,"c2":0.0,"c3":0.0,"c4":0.0,"d":0.0},"hwd":{"a1a3":null,"a4":0.0,"a5":0.0,"b1":null,"b2":0.0,"b3":null,"b4":null,"b5":null,"b6":null,"b7":null,"c1":0.0,"c2":0.0,"c3":0.0,"c4":0.0,"d":0.0},"nhwd":{"a1a3":null,"a4":0.0,"a5":0.0,"b1":null,"b2":0.0,"b3":null,"b4":null,"b5":null,"b6":null,"b7":null,"c1":0.0,"c2":0.0,"c3":0.0,"c4":0.0,"d":0.0},"rwd":{"a1a3":null,"a4":0.0,"a5":0.0,"b1":null,"b2":0.0,"b3":null,"b4":null,"b5":null,"b6":null,"b7":null,"c1":0.0,"c2":0.0,"c3":0.0,"c4":0.0,"d":0.0},"cru":{"a1a3":null,"a4":0.0,"a5":0.0,"b1":null,"b2":0.0,"b3":null,"b4":null,"b5":null,"b6":null,"b7":null,"c1":0.0,"c2":0.0,"c3":0.0,"c4":0.0,"d":0.0},"mfr":{"a1a3":null,"a4":0.0,"a5":0.0,"b1":null,"b2":0.0,"b3":null,"b4":null,"b5":null,"b6":null,"b7":null,"c1":0.0,"c2":0.0,"c3":0.0,"c4":0.0,"d":0.0},"mer":{"a1a3":null,"a4":2.14e-7,"a5":3.62e-6,"b1":null,"b2":3.56e-7,"b3":null,"b4":null,"b5":null,"b6":null,"b7":null,"c1":4.11e-10,"c2":2.04e-7,"c3":6.05e-7,"c4":6.64e-8,"d":-0.0000161},"eee":{"a1a3":null,"a4":0.001846796,"a5":0.155610133,"b1":null,"b2":0.003460819,"b3":null,"b4":null,"b5":null,"b6":null,"b7":null,"c1":0.000108636,"c2":0.001762023,"c3":4.036854457,"c4":0.003579239,"d":-0.196732829},"eet":{"a1a3":null,"a4":0.0,"a5":0.0,"b1":null,"b2":0.0,"b3":null,"b4":null,"b5":null,"b6":null,"b7":null,"c1":0.0,"c2":0.0,"c3":0.0,"c4":0.0,"d":0.0},"meta_data":null}