{"id":"5638903b-4975-4e42-8104-cd7f37163ec3","name":"Prestigio section – PVC window 1,23m x 1,48m: White PVC - Triple Glazing","declared_unit":"M2","version":"1.1","published_date":1672531200,"valid_until":1830297600,"format_version":"1.1.5","source":null,"reference_service_life":null,"standard":"EN15804A2","comment":null,"location":"FR","subtype":"Specific","conversions":[],"gwp":{"a1a3":null,"a4":0.646653782,"a5":3.443249205,"b1":null,"b2":0.214413903,"b3":null,"b4":null,"b5":null,"b6":null,"b7":null,"c1":0.003686541,"c2":0.635507775,"c3":5.730567131,"c4":3.033880579,"d":-12.4541063},"odp":{"a1a3":null,"a4":1.48e-7,"a5":1.4e-7,"b1":null,"b2":1.25e-7,"b3":null,"b4":null,"b5":null,"b6":null,"b7":null,"c1":4.91e-10,"c2":1.47e-7,"c3":4.43e-7,"c4":4.85e-8,"d":-5.04e-6},"ap":{"a1a3":null,"a4":0.00198594,"a5":0.007018836,"b1":null,"b2":0.001554479,"b3":null,"b4":null,"b5":null,"b6":null,"b7":null,"c1":0.0000137,"c2":0.00179828,"c3":0.010170251,"c4":0.001204122,"d":-0.054185843},"ep":null,"pocp":{"a1a3":null,"a4":0.001760458,"a5":0.006561179,"b1":null,"b2":0.004286951,"b3":null,"b4":null,"b5":null,"b6":null,"b7":null,"c1":7.03e-6,"c2":0.001531511,"c3":0.010585713,"c4":0.001957065,"d":-0.029046005},"adpe":{"a1a3":null,"a4":2.47e-6,"a5":0.000014,"b1":null,"b2":3.19e-6,"b3":null,"b4":null,"b5":null,"b6":null,"b7":null,"c1":4.28e-9,"c2":2.29e-6,"c3":5.68e-6,"c4":3.98e-7,"d":-0.00019441},"adpf":{"a1a3":null,"a4":9.554443736,"a5":19.13351973,"b1":null,"b2":9.860870712,"b3":null,"b4":null,"b5":null,"b6":null,"b7":null,"c1":0.047115536,"c2":9.421902511,"c3":30.03581297,"c4":3.334451291,"d":-260.3558476},"penre":{"a1a3":null,"a4":0.0,"a5":0.0,"b1":null,"b2":0.0,"b3":null,"b4":null,"b5":null,"b6":null,"b7":null,"c1":0.0,"c2":0.0,"c3":0.0,"c4":0.0,"d":0.0},"pere":{"a1a3":null,"a4":0.0,"a5":0.0,"b1":null,"b2":0.0,"b3":null,"b4":null,"b5":null,"b6":null,"b7":null,"c1":0.0,"c2":0.0,"c3":0.0,"c4":0.0,"d":0.0},"perm":{"a1a3":null,"a4":0.0,"a5":0.0,"b1":null,"b2":0.0,"b3":null,"b4":null,"b5":null,"b6":null,"b7":null,"c1":0.0,"c2":0.0,"c3":0.0,"c4":0.0,"d":0.0},"pert":null,"penrt":{"a1a3":null,"a4":0.0,"a5":0.0,"b1":null,"b2":0.0,"b3":null,"b4":null,"b5":null,"b6":null,"b7":null,"c1":0.0,"c2":0.0,"c3":0.0,"c4":0.0,"d":0.0},"penrm":{"a1a3":null,"a4":0.0,"a5":0.0,"b1":null,"b2":0.0,"b3":null,"b4":null,"b5":null,"b6":null,"b7":null,"c1":0.0,"c2":0.0,"c3":0.0,"c4":0.0,"d":0.0},"sm":{"a1a3":null,"a4":0.003394585,"a5":0.203592904,"b1":null,"b2":0.001895862,"b3":null,"b4":null,"b5":null,"b6":null,"b7":null,"c1":3.99e-6,"c2":0.003207267,"c3":0.010387268,"c4":0.001049236,"d":-5.798260762},"rsf":{"a1a3":null,"a4":0.0000378,"a5":0.002412608,"b1":null,"b2":0.000132228,"b3":null,"b4":null,"b5":null,"b6":null,"b7":null,"c1":3.42e-8,"c2":0.0000353,"c3":0.000104644,"c4":0.0000356,"d":-0.001761308},"nrsf":{"a1a3":null,"a4":0.0,"a5":0.0,"b1":null,"b2":0.0,"b3":null,"b4":null,"b5":null,"b6":null,"b7":null,"c1":0.0,"c2":0.0,"c3":0.0,"c4":0.0,"d":0.0},"fw":{"a1a3":null,"a4":0.0,"a5":0.0,"b1":null,"b2":0.0,"b3":null,"b4":null,"b5":null,"b6":null,"b7":null,"c1":0.0,"c2":0.0,"c3":0.0,"c4":0.0,"d":0.0},"hwd":{"a1a3":null,"a4":0.0,"a5":0.0,"b1":null,"b2":0.0,"b3":null,"b4":null,"b5":null,"b6":null,"b7":null,"c1":0.0,"c2":0.0,"c3":0.0,"c4":0.0,"d":0.0},"nhwd":{"a1a3":null,"a4":0.0,"a5":0.0,"b1":null,"b2":0.0,"b3":null,"b4":null,"b5":null,"b6":null,"b7":null,"c1":0.0,"c2":0.0,"c3":0.0,"c4":0.0,"d":0.0},"rwd":{"a1a3":null,"a4":0.0,"a5":0.0,"b1":null,"b2":0.0,"b3":null,"b4":null,"b5":null,"b6":null,"b7":null,"c1":0.0,"c2":0.0,"c3":0.0,"c4":0.0,"d":0.0},"cru":{"a1a3":null,"a4":0.0,"a5":0.0,"b1":null,"b2":0.0,"b3":null,"b4":null,"b5":null,"b6":null,"b7":null,"c1":0.0,"c2":0.0,"c3":0.0,"c4":0.0,"d":0.0},"mfr":{"a1a3":null,"a4":0.0,"a5":0.0,"b1":null,"b2":0.0,"b3":null,"b4":null,"b5":null,"b6":null,"b7":null,"c1":0.0,"c2":0.0,"c3":0.0,"c4":0.0,"d":0.0},"mer":{"a1a3":null,"a4":2.45e-7,"a5":3.63e-6,"b1":null,"b2":3.56e-7,"b3":null,"b4":null,"b5":null,"b6":null,"b7":null,"c1":4.11e-10,"c2":2.37e-7,"c3":6.99e-7,"c4":7.7e-8,"d":-0.0000211},"eee":{"a1a3":null,"a4":0.002117814,"a5":0.158882314,"b1":null,"b2":0.003460819,"b3":null,"b4":null,"b5":null,"b6":null,"b7":null,"c1":0.000108636,"c2":0.002051586,"c3":4.033457076,"c4":0.003689097,"d":-0.179624345},"eet":{"a1a3":null,"a4":0.0,"a5":0.0,"b1":null,"b2":0.0,"b3":null,"b4":null,"b5":null,"b6":null,"b7":null,"c1":0.0,"c2":0.0,"c3":0.0,"c4":0.0,"d":0.0},"meta_data":null}