{"id":"5c6e5765-081b-47e7-8a11-3eb25cafbf2c","name":"PP3®","declared_unit":"M","version":"1.1","published_date":1546300800,"valid_until":1798761600,"format_version":"1.1.5","source":null,"reference_service_life":null,"standard":"EN15804A2","comment":null,"location":"GLO","subtype":"Generic","conversions":[],"gwp":{"a1a3":null,"a4":1.62,"a5":7.08,"b1":0.0,"b2":0.0,"b3":0.0,"b4":0.0,"b5":0.0,"b6":0.0,"b7":0.0,"c1":0.177,"c2":0.468,"c3":7.01,"c4":1.03,"d":-4.59},"odp":{"a1a3":null,"a4":2.76e-16,"a5":1.23e-14,"b1":0.0,"b2":0.0,"b3":0.0,"b4":0.0,"b5":0.0,"b6":0.0,"b7":0.0,"c1":4.2e-15,"c2":8.23e-17,"c3":3.24e-15,"c4":2.47e-15,"d":-4.12e-14},"ap":{"a1a3":null,"a4":0.00504,"a5":0.00421,"b1":0.0,"b2":0.0,"b3":0.0,"b4":0.0,"b5":0.0,"b6":0.0,"b7":0.0,"c1":0.000235,"c2":0.000377,"c3":0.000954,"c4":0.0022,"d":-0.00544},"ep":null,"pocp":{"a1a3":null,"a4":0.00504,"a5":0.00421,"b1":0.0,"b2":0.0,"b3":0.0,"b4":0.0,"b5":0.0,"b6":0.0,"b7":0.0,"c1":0.000235,"c2":0.000377,"c3":0.000954,"c4":0.0022,"d":-0.00544},"adpe":{"a1a3":null,"a4":7.32e-8,"a5":0.0000182,"b1":0.0,"b2":0.0,"b3":0.0,"b4":0.0,"b5":0.0,"b6":0.0,"b7":0.0,"c1":5.16e-8,"c2":2.17e-8,"c3":1.1e-7,"c4":6.69e-8,"d":-6.77e-7},"adpf":{"a1a3":null,"a4":21.8,"a5":32.4,"b1":0.0,"b2":0.0,"b3":0.0,"b4":0.0,"b5":0.0,"b6":0.0,"b7":0.0,"c1":3.12,"c2":6.32,"c3":7.25,"c4":13.5,"d":-92.5},"penre":{"a1a3":null,"a4":21.9,"a5":25.3,"b1":0.0,"b2":0.0,"b3":0.0,"b4":0.0,"b5":0.0,"b6":0.0,"b7":0.0,"c1":3.12,"c2":6.34,"c3":105.0,"c4":13.5,"d":-92.5},"pere":{"a1a3":null,"a4":0.113,"a5":10.4,"b1":0.0,"b2":0.0,"b3":0.0,"b4":0.0,"b5":0.0,"b6":0.0,"b7":0.0,"c1":1.44,"c2":0.0337,"c3":1.24,"c4":1.03,"d":-14.2},"perm":{"a1a3":null,"a4":0.0,"a5":-3.98,"b1":0.0,"b2":0.0,"b3":0.0,"b4":0.0,"b5":0.0,"b6":0.0,"b7":0.0,"c1":0.0,"c2":0.0,"c3":0.0,"c4":0.0,"d":0.0},"pert":{"a1a3":null,"a4":0.113,"a5":6.43,"b1":0.0,"b2":0.0,"b3":0.0,"b4":0.0,"b5":0.0,"b6":0.0,"b7":0.0,"c1":1.44,"c2":0.0337,"c3":1.24,"c4":1.03,"d":-14.2},"penrt":{"a1a3":null,"a4":21.9,"a5":32.4,"b1":0.0,"b2":0.0,"b3":0.0,"b4":0.0,"b5":0.0,"b6":0.0,"b7":0.0,"c1":3.12,"c2":6.34,"c3":7.26,"c4":13.5,"d":-92.5},"penrm":{"a1a3":null,"a4":0.0,"a5":7.16,"b1":0.0,"b2":0.0,"b3":0.0,"b4":0.0,"b5":0.0,"b6":0.0,"b7":0.0,"c1":0.0,"c2":0.0,"c3":-98.2,"c4":0.0,"d":0.0},"sm":{"a1a3":null,"a4":0.0,"a5":0.0246,"b1":0.0,"b2":0.0,"b3":0.0,"b4":0.0,"b5":0.0,"b6":0.0,"b7":0.0,"c1":0.0,"c2":0.0,"c3":0.0,"c4":0.0,"d":0.0},"rsf":{"a1a3":null,"a4":0.0,"a5":0.0,"b1":0.0,"b2":0.0,"b3":0.0,"b4":0.0,"b5":0.0,"b6":0.0,"b7":0.0,"c1":0.0,"c2":0.0,"c3":0.0,"c4":0.0,"d":0.0},"nrsf":{"a1a3":null,"a4":0.0,"a5":0.0,"b1":0.0,"b2":0.0,"b3":0.0,"b4":0.0,"b5":0.0,"b6":0.0,"b7":0.0,"c1":0.0,"c2":0.0,"c3":0.0,"c4":0.0,"d":0.0},"fw":{"a1a3":null,"a4":0.000164,"a5":0.012,"b1":0.0,"b2":0.0,"b3":0.0,"b4":0.0,"b5":0.0,"b6":0.0,"b7":0.0,"c1":0.0014,"c2":0.0000485,"c3":0.0169,"c4":0.0002,"d":-0.0165},"hwd":{"a1a3":null,"a4":2.06e-10,"a5":9.74e-8,"b1":0.0,"b2":0.0,"b3":0.0,"b4":0.0,"b5":0.0,"b6":0.0,"b7":0.0,"c1":8.25e-10,"c2":6.07e-11,"c3":8.54e-10,"c4":2.46e-9,"d":-1.94e-8},"nhwd":{"a1a3":null,"a4":0.00236,"a5":1.33,"b1":0.0,"b2":0.0,"b3":0.0,"b4":0.0,"b5":0.0,"b6":0.0,"b7":0.0,"c1":0.00221,"c2":0.00069,"c3":0.464,"c4":12.6,"d":-0.0344},"rwd":{"a1a3":null,"a4":0.000035,"a5":0.000655,"b1":0.0,"b2":0.0,"b3":0.0,"b4":0.0,"b5":0.0,"b6":0.0,"b7":0.0,"c1":0.000465,"c2":0.0000104,"c3":0.000428,"c4":0.000161,"d":-0.00452},"cru":{"a1a3":null,"a4":0.0,"a5":0.0,"b1":0.0,"b2":0.0,"b3":0.0,"b4":0.0,"b5":0.0,"b6":0.0,"b7":0.0,"c1":0.0,"c2":0.0,"c3":0.0,"c4":0.0,"d":0.0},"mfr":{"a1a3":null,"a4":0.0,"a5":0.771,"b1":0.0,"b2":0.0,"b3":0.0,"b4":0.0,"b5":0.0,"b6":0.0,"b7":0.0,"c1":0.0,"c2":0.0,"c3":0.788,"c4":0.0,"d":0.0},"mer":{"a1a3":null,"a4":0.0,"a5":0.0,"b1":0.0,"b2":0.0,"b3":0.0,"b4":0.0,"b5":0.0,"b6":0.0,"b7":0.0,"c1":0.0,"c2":0.0,"c3":0.0,"c4":0.0,"d":0.0},"eee":{"a1a3":null,"a4":0.0,"a5":1.38,"b1":0.0,"b2":0.0,"b3":0.0,"b4":0.0,"b5":0.0,"b6":0.0,"b7":0.0,"c1":0.0,"c2":0.0,"c3":13.2,"c4":0.0,"d":0.0},"eet":{"a1a3":null,"a4":0.0,"a5":1.57,"b1":0.0,"b2":0.0,"b3":0.0,"b4":0.0,"b5":0.0,"b6":0.0,"b7":0.0,"c1":0.0,"c2":0.0,"c3":26.5,"c4":0.0,"d":0.0},"meta_data":null}