{"id":"5f5afe57-3a30-467a-90c5-708eb40e46d0","name":"Porcelain stoneware Ceramic tiles and slabs","declared_unit":"M2","version":"1.1","published_date":1451606400,"valid_until":1672531200,"format_version":"1.1.5","source":null,"reference_service_life":null,"standard":"EN15804A1","comment":null,"location":"GLO","subtype":"Specific","conversions":[{"value":24.8,"to":"KG","meta_data":"{\"name\":\"grammage\",\"value\":\"24.8\",\"unit\":\"kg/m^2\",\"unitDescription\":\"kilograms per square metre\"}"}],"gwp":{"a1a3":13.9,"a4":0.658,"a5":2.73,"b1":null,"b2":0.0404,"b3":null,"b4":null,"b5":null,"b6":null,"b7":null,"c1":null,"c2":0.0532,"c3":0.0515,"c4":0.139,"d":-0.211},"odp":{"a1a3":4.94e-11,"a4":2.4e-14,"a5":6.49e-12,"b1":null,"b2":7.63e-12,"b3":null,"b4":null,"b5":null,"b6":null,"b7":null,"c1":null,"c2":1.88e-15,"c3":2.32e-14,"c4":3.15e-14,"d":-8.61e-13},"ap":{"a1a3":0.0227,"a4":0.00542,"a5":0.00383,"b1":null,"b2":0.0000585,"b3":null,"b4":null,"b5":null,"b6":null,"b7":null,"c1":null,"c2":0.000233,"c3":0.000368,"c4":0.000823,"d":-0.000593},"ep":{"a1a3":0.00335,"a4":0.000604,"a5":0.000805,"b1":null,"b2":0.0000447,"b3":null,"b4":null,"b5":null,"b6":null,"b7":null,"c1":null,"c2":0.0000592,"c3":0.0000885,"c4":0.000114,"d":-0.0001},"pocp":{"a1a3":0.00238,"a4":0.000279,"a5":0.00034,"b1":null,"b2":6.56e-6,"b3":null,"b4":null,"b5":null,"b6":null,"b7":null,"c1":null,"c2":-0.0000917,"c3":0.0000401,"c4":0.000064,"d":-0.000065},"adpe":{"a1a3":0.0000346,"a4":4.78e-8,"a5":6.33e-6,"b1":null,"b2":1.33e-8,"b3":null,"b4":null,"b5":null,"b6":null,"b7":null,"c1":null,"c2":5.64e-9,"c3":6.8e-8,"c4":5.34e-8,"d":-9.46e-8},"adpf":{"a1a3":227.0,"a4":8.71,"a5":22.9,"b1":null,"b2":0.346,"b3":null,"b4":null,"b5":null,"b6":null,"b7":null,"c1":null,"c2":0.936,"c3":1.0,"c4":1.8,"d":-3.84},"penre":{"a1a3":230.0,"a4":8.75,"a5":24.7,"b1":null,"b2":0.367,"b3":null,"b4":null,"b5":null,"b6":null,"b7":null,"c1":null,"c2":0.939,"c3":1.04,"c4":1.87,"d":-4.55},"pere":{"a1a3":16.3,"a4":0.356,"a5":14.7,"b1":null,"b2":0.0187,"b3":null,"b4":null,"b5":null,"b6":null,"b7":null,"c1":null,"c2":0.0518,"c3":0.07,"c4":0.231,"d":2.07},"perm":{"a1a3":8.63,"a4":0.0,"a5":-9.19,"b1":null,"b2":0.0,"b3":null,"b4":null,"b5":null,"b6":null,"b7":null,"c1":null,"c2":0.0,"c3":0.0,"c4":0.0,"d":0.0},"pert":{"a1a3":24.9,"a4":0.356,"a5":6.65,"b1":null,"b2":0.0187,"b3":null,"b4":null,"b5":null,"b6":null,"b7":null,"c1":null,"c2":0.0518,"c3":0.07,"c4":0.231,"d":-2.07},"penrt":{"a1a3":231.0,"a4":8.75,"a5":23.8,"b1":null,"b2":0.367,"b3":null,"b4":null,"b5":null,"b6":null,"b7":null,"c1":null,"c2":0.939,"c3":1.04,"c4":1.87,"d":-4.55},"penrm":{"a1a3":0.964,"a4":0.0,"a5":-1.03,"b1":null,"b2":0.0,"b3":null,"b4":null,"b5":null,"b6":null,"b7":null,"c1":null,"c2":0.0,"c3":0.0,"c4":0.0,"d":0.0},"sm":{"a1a3":0.0000687,"a4":0.0,"a5":4.47e-6,"b1":null,"b2":0.0,"b3":null,"b4":null,"b5":null,"b6":null,"b7":null,"c1":null,"c2":0.0,"c3":0.0,"c4":0.0,"d":19.9},"rsf":{"a1a3":0.0,"a4":0.0,"a5":0.0,"b1":null,"b2":0.0,"b3":null,"b4":null,"b5":null,"b6":null,"b7":null,"c1":null,"c2":0.0,"c3":0.0,"c4":0.0,"d":0.0},"nrsf":{"a1a3":0.0,"a4":0.0,"a5":0.0,"b1":null,"b2":0.0,"b3":null,"b4":null,"b5":null,"b6":null,"b7":null,"c1":null,"c2":0.0,"c3":0.0,"c4":0.0,"d":0.0},"fw":{"a1a3":0.0305,"a4":0.000657,"a5":0.00619,"b1":null,"b2":0.000284,"b3":null,"b4":null,"b5":null,"b6":null,"b7":null,"c1":null,"c2":0.0000954,"c3":0.000316,"c4":0.000356,"d":-0.00118},"hwd":{"a1a3":0.000799,"a4":3.54e-7,"a5":0.0000521,"b1":null,"b2":0.00254,"b3":null,"b4":null,"b5":null,"b6":null,"b7":null,"c1":null,"c2":5.43e-8,"c3":3.36e-8,"c4":3.21e-8,"d":-3e-8},"nhwd":{"a1a3":0.867,"a4":0.000551,"a5":1.84,"b1":null,"b2":0.00572,"b3":null,"b4":null,"b5":null,"b6":null,"b7":null,"c1":null,"c2":0.0000786,"c3":0.000221,"c4":8.75,"d":-0.827},"rwd":{"a1a3":0.0166,"a4":0.0000165,"a5":0.00137,"b1":null,"b2":8.51e-6,"b3":null,"b4":null,"b5":null,"b6":null,"b7":null,"c1":null,"c2":1.28e-6,"c3":0.000016,"c4":0.000027,"d":-0.000283},"cru":{"a1a3":0.0,"a4":0.0,"a5":0.181,"b1":null,"b2":0.0,"b3":null,"b4":null,"b5":null,"b6":null,"b7":null,"c1":null,"c2":0.0,"c3":0.0,"c4":0.0,"d":0.0},"mfr":{"a1a3":0.0,"a4":0.0,"a5":0.183,"b1":null,"b2":0.0,"b3":null,"b4":null,"b5":null,"b6":null,"b7":null,"c1":null,"c2":0.0,"c3":20.4,"c4":0.0,"d":0.0},"mer":{"a1a3":0.0,"a4":0.0,"a5":0.0,"b1":null,"b2":0.0,"b3":null,"b4":null,"b5":null,"b6":null,"b7":null,"c1":null,"c2":0.0,"c3":0.0,"c4":0.0,"d":0.0},"eee":{"a1a3":0.0,"a4":0.0,"a5":0.611,"b1":null,"b2":0.0,"b3":null,"b4":null,"b5":null,"b6":null,"b7":null,"c1":null,"c2":0.0,"c3":0.0,"c4":0.0,"d":0.0},"eet":{"a1a3":0.0,"a4":0.0,"a5":0.897,"b1":null,"b2":0.0,"b3":null,"b4":null,"b5":null,"b6":null,"b7":null,"c1":null,"c2":0.0,"c3":0.0,"c4":0.0,"d":0.0},"meta_data":null}