{"id":"616ecdaf-7849-4955-a2f8-c213c3324be2","name":"CERAMIC TILES - Finale Emilia","declared_unit":"M2","version":"1.1","published_date":1514764800,"valid_until":1704067200,"format_version":"1.1.5","source":null,"reference_service_life":null,"standard":"EN15804A1","comment":null,"location":"GLO","subtype":"Generic","conversions":[{"value":20.756,"to":"KG","meta_data":"{\"name\":\"grammage\",\"value\":\"20.756\",\"unit\":\"kg/m^2\",\"unitDescription\":\"kilograms per square metre\"}"}],"gwp":{"a1a3":9.47,"a4":0.517,"a5":2.25,"b1":null,"b2":0.0333,"b3":null,"b4":null,"b5":null,"b6":null,"b7":null,"c1":null,"c2":0.0962,"c3":0.0473,"c4":0.128,"d":-0.166},"odp":{"a1a3":1.34e-11,"a4":1.97e-14,"a5":8.24e-12,"b1":null,"b2":6.69e-15,"b3":null,"b4":null,"b5":null,"b6":null,"b7":null,"c1":null,"c2":2.64e-15,"c3":2.13e-14,"c4":2.89e-14,"d":-1.56e-12},"ap":{"a1a3":2.22e-22,"a4":0.00298,"a5":0.00389,"b1":null,"b2":0.0000364,"b3":null,"b4":null,"b5":null,"b6":null,"b7":null,"c1":null,"c2":0.000414,"c3":0.000338,"c4":0.000756,"d":-0.000675},"ep":{"a1a3":0.00274,"a4":0.000349,"a5":0.000823,"b1":null,"b2":0.0000401,"b3":null,"b4":null,"b5":null,"b6":null,"b7":null,"c1":null,"c2":0.000106,"c3":0.0000813,"c4":0.000104,"d":-0.000123},"pocp":{"a1a3":0.00119,"a4":0.000147,"a5":0.000267,"b1":null,"b2":3.54e-6,"b3":null,"b4":null,"b5":null,"b6":null,"b7":null,"c1":null,"c2":-0.000173,"c3":0.0000369,"c4":0.0000588,"d":-0.0000714},"adpe":{"a1a3":0.000932,"a4":4.03e-8,"a5":0.0000647,"b1":null,"b2":1.28e-9,"b3":null,"b4":null,"b5":null,"b6":null,"b7":null,"c1":null,"c2":7.94e-9,"c3":6.25e-8,"c4":4.91e-8,"d":-1.12e-7},"adpf":{"a1a3":160.0,"a4":6.9,"a5":20.1,"b1":null,"b2":0.184,"b3":null,"b4":null,"b5":null,"b6":null,"b7":null,"c1":null,"c2":1.32,"c3":0.92,"c4":1.65,"d":-4.15},"penre":{"a1a3":166.0,"a4":6.94,"a5":22.3,"b1":null,"b2":0.197,"b3":null,"b4":null,"b5":null,"b6":null,"b7":null,"c1":null,"c2":1.32,"c3":0.957,"c4":1.71,"d":-4.93},"pere":{"a1a3":43.1,"a4":0.31,"a5":23.7,"b1":null,"b2":0.0156,"b3":null,"b4":null,"b5":null,"b6":null,"b7":null,"c1":null,"c2":0.0728,"c3":0.0643,"c4":0.212,"d":-3.92},"perm":{"a1a3":12.0,"a4":0.0,"a5":-12.8,"b1":null,"b2":0.0,"b3":null,"b4":null,"b5":null,"b6":null,"b7":null,"c1":null,"c2":0.0,"c3":0.0,"c4":0.0,"d":0.0},"pert":{"a1a3":55.1,"a4":0.31,"a5":12.5,"b1":null,"b2":0.0156,"b3":null,"b4":null,"b5":null,"b6":null,"b7":null,"c1":null,"c2":0.0728,"c3":0.0643,"c4":0.212,"d":-3.92},"penrt":{"a1a3":167.0,"a4":6.94,"a5":21.4,"b1":null,"b2":0.197,"b3":null,"b4":null,"b5":null,"b6":null,"b7":null,"c1":null,"c2":1.32,"c3":0.957,"c4":1.71,"d":-4.93},"penrm":{"a1a3":0.996,"a4":0.0,"a5":-1.06,"b1":null,"b2":0.0,"b3":null,"b4":null,"b5":null,"b6":null,"b7":null,"c1":null,"c2":0.0,"c3":0.0,"c4":0.0,"d":0.0},"sm":{"a1a3":3.36,"a4":0.0,"a5":0.219,"b1":null,"b2":0.0,"b3":null,"b4":null,"b5":null,"b6":null,"b7":null,"c1":null,"c2":0.0,"c3":0.0,"c4":0.0,"d":15.2},"rsf":{"a1a3":0.0,"a4":0.0,"a5":0.0,"b1":null,"b2":0.0,"b3":null,"b4":null,"b5":null,"b6":null,"b7":null,"c1":null,"c2":0.0,"c3":0.0,"c4":0.0,"d":0.0},"nrsf":{"a1a3":0.0,"a4":0.0,"a5":0.0,"b1":null,"b2":0.0,"b3":null,"b4":null,"b5":null,"b6":null,"b7":null,"c1":null,"c2":0.0,"c3":0.0,"c4":0.0,"d":0.0},"fw":{"a1a3":0.237,"a4":0.000571,"a5":0.0213,"b1":null,"b2":0.000263,"b3":null,"b4":null,"b5":null,"b6":null,"b7":null,"c1":null,"c2":0.000134,"c3":0.00029,"c4":0.000327,"d":-0.00143},"hwd":{"a1a3":8.49e-7,"a4":3.1e-7,"a5":2.65e-7,"b1":null,"b2":2.34e-10,"b3":null,"b4":null,"b5":null,"b6":null,"b7":null,"c1":null,"c2":7.63e-8,"c3":3.09e-8,"c4":2.95e-8,"d":-4.8e-8},"nhwd":{"a1a3":1.16,"a4":0.000478,"a5":1.62,"b1":null,"b2":0.00901,"b3":null,"b4":null,"b5":null,"b6":null,"b7":null,"c1":null,"c2":0.000111,"c3":0.000203,"c4":8.04,"d":-0.76},"rwd":{"a1a3":0.00278,"a4":0.0000135,"a5":0.000512,"b1":null,"b2":4.95e-6,"b3":null,"b4":null,"b5":null,"b6":null,"b7":null,"c1":null,"c2":1.81e-6,"c3":0.0000147,"c4":0.0000248,"d":-0.00031},"cru":{"a1a3":0.0,"a4":0.0,"a5":0.172,"b1":null,"b2":0.0,"b3":null,"b4":null,"b5":null,"b6":null,"b7":null,"c1":null,"c2":0.0,"c3":0.0,"c4":0.0,"d":0.0},"mfr":{"a1a3":12.4,"a4":0.0,"a5":1.23,"b1":null,"b2":0.0,"b3":null,"b4":null,"b5":null,"b6":null,"b7":null,"c1":null,"c2":0.0,"c3":18.7,"c4":0.0,"d":0.0},"mer":{"a1a3":0.0,"a4":0.0,"a5":0.0,"b1":null,"b2":0.0,"b3":null,"b4":null,"b5":null,"b6":null,"b7":null,"c1":null,"c2":0.0,"c3":0.0,"c4":0.0,"d":0.0},"eee":{"a1a3":0.0,"a4":0.0,"a5":0.644,"b1":null,"b2":0.0,"b3":null,"b4":null,"b5":null,"b6":null,"b7":null,"c1":null,"c2":0.0,"c3":0.0,"c4":0.0,"d":0.0},"eet":{"a1a3":0.0,"a4":0.0,"a5":0.952,"b1":null,"b2":0.0,"b3":null,"b4":null,"b5":null,"b6":null,"b7":null,"c1":null,"c2":0.0,"c3":0.0,"c4":0.0,"d":0.0},"meta_data":null}