{"id":"648d5d74-4197-4171-9d12-d299d9a52b0e","name":"Porcelain stoneware and single firing white body ceramic tiles and slabs","declared_unit":"M2","version":"1.1","published_date":1451606400,"valid_until":1672531200,"format_version":"1.1.5","source":null,"reference_service_life":null,"standard":"EN15804A1","comment":null,"location":"GLO","subtype":"Specific","conversions":[{"value":19.3,"to":"KG","meta_data":"{\"name\":\"grammage\",\"value\":\"19.3\",\"unit\":\"kg/m^2\",\"unitDescription\":\"kilograms per square metre\"}"}],"gwp":{"a1a3":11.6,"a4":0.52,"a5":2.67,"b1":null,"b2":0.0404,"b3":null,"b4":null,"b5":null,"b6":null,"b7":null,"c1":null,"c2":0.0438,"c3":0.0425,"c4":0.115,"d":-0.252},"odp":{"a1a3":1.23e-10,"a4":1.9e-14,"a5":1.14e-11,"b1":null,"b2":7.63e-12,"b3":null,"b4":null,"b5":null,"b6":null,"b7":null,"c1":null,"c2":1.55e-15,"c3":1.91e-14,"c4":2.6e-14,"d":-9.49e-13},"ap":{"a1a3":0.0248,"a4":0.00428,"a5":0.00388,"b1":null,"b2":0.0000585,"b3":null,"b4":null,"b5":null,"b6":null,"b7":null,"c1":null,"c2":0.000192,"c3":0.000303,"c4":0.000679,"d":-0.00063},"ep":{"a1a3":0.00347,"a4":0.000477,"a5":0.00081,"b1":null,"b2":0.0000447,"b3":null,"b4":null,"b5":null,"b6":null,"b7":null,"c1":null,"c2":0.0000488,"c3":0.000073,"c4":0.0000937,"d":-0.000102},"pocp":{"a1a3":0.0019,"a4":0.00022,"a5":0.000316,"b1":null,"b2":6.56e-6,"b3":null,"b4":null,"b5":null,"b6":null,"b7":null,"c1":null,"c2":-0.0000756,"c3":0.0000331,"c4":0.0000528,"d":-0.0000667},"adpe":{"a1a3":0.000163,"a4":3.78e-8,"a5":0.0000147,"b1":null,"b2":1.33e-8,"b3":null,"b4":null,"b5":null,"b6":null,"b7":null,"c1":null,"c2":4.65e-9,"c3":5.61e-8,"c4":4.4e-8,"d":-1.07e-7},"adpf":{"a1a3":179.0,"a4":6.88,"a5":19.7,"b1":null,"b2":0.346,"b3":null,"b4":null,"b5":null,"b6":null,"b7":null,"c1":null,"c2":0.771,"c3":0.826,"c4":1.48,"d":-4.6},"penre":{"a1a3":185.0,"a4":6.91,"a5":22.1,"b1":null,"b2":0.367,"b3":null,"b4":null,"b5":null,"b6":null,"b7":null,"c1":null,"c2":0.774,"c3":0.859,"c4":1.54,"d":-5.44},"pere":{"a1a3":39.9,"a4":0.281,"a5":17.5,"b1":null,"b2":0.0187,"b3":null,"b4":null,"b5":null,"b6":null,"b7":null,"c1":null,"c2":0.0427,"c3":0.0577,"c4":0.19,"d":-2.25},"perm":{"a1a3":9.78,"a4":0.0,"a5":-10.4,"b1":null,"b2":0.0,"b3":null,"b4":null,"b5":null,"b6":null,"b7":null,"c1":null,"c2":0.0,"c3":0.0,"c4":0.0,"d":0.0},"pert":{"a1a3":49.7,"a4":0.281,"a5":8.38,"b1":null,"b2":0.0187,"b3":null,"b4":null,"b5":null,"b6":null,"b7":null,"c1":null,"c2":0.0427,"c3":0.0577,"c4":0.19,"d":-2.25},"penrt":{"a1a3":187.0,"a4":6.91,"a5":20.9,"b1":null,"b2":0.367,"b3":null,"b4":null,"b5":null,"b6":null,"b7":null,"c1":null,"c2":0.774,"c3":0.859,"c4":1.54,"d":-5.44},"penrm":{"a1a3":1.29,"a4":0.0,"a5":-1.38,"b1":null,"b2":0.0,"b3":null,"b4":null,"b5":null,"b6":null,"b7":null,"c1":null,"c2":0.0,"c3":0.0,"c4":0.0,"d":0.0},"sm":{"a1a3":3.8,"a4":0.0,"a5":0.247,"b1":null,"b2":0.0,"b3":null,"b4":null,"b5":null,"b6":null,"b7":null,"c1":null,"c2":0.0,"c3":0.0,"c4":0.0,"d":12.7},"rsf":{"a1a3":0.0,"a4":0.0,"a5":0.0,"b1":null,"b2":0.0,"b3":null,"b4":null,"b5":null,"b6":null,"b7":null,"c1":null,"c2":0.0,"c3":0.0,"c4":0.0,"d":0.0},"nrsf":{"a1a3":0.0,"a4":0.0,"a5":0.0,"b1":null,"b2":0.0,"b3":null,"b4":null,"b5":null,"b6":null,"b7":null,"c1":null,"c2":0.0,"c3":0.0,"c4":0.0,"d":0.0},"fw":{"a1a3":0.0485,"a4":0.000519,"a5":0.00756,"b1":null,"b2":0.000284,"b3":null,"b4":null,"b5":null,"b6":null,"b7":null,"c1":null,"c2":0.0000787,"c3":0.00026,"c4":0.000294,"d":-0.00138},"hwd":{"a1a3":0.00152,"a4":2.8e-7,"a5":0.0000988,"b1":null,"b2":0.00254,"b3":null,"b4":null,"b5":null,"b6":null,"b7":null,"c1":null,"c2":4.48e-8,"c3":2.77e-8,"c4":2.65e-8,"d":-2.84e-8},"nhwd":{"a1a3":0.947,"a4":0.000435,"a5":1.52,"b1":null,"b2":0.00572,"b3":null,"b4":null,"b5":null,"b6":null,"b7":null,"c1":null,"c2":0.0000648,"c3":0.000182,"c4":7.22,"d":-0.683},"rwd":{"a1a3":0.00306,"a4":0.000013,"a5":0.000493,"b1":null,"b2":8.51e-6,"b3":null,"b4":null,"b5":null,"b6":null,"b7":null,"c1":null,"c2":1.06e-6,"c3":0.0000132,"c4":0.0000223,"d":-0.00033},"cru":{"a1a3":0.0,"a4":0.0,"a5":0.212,"b1":null,"b2":0.0,"b3":null,"b4":null,"b5":null,"b6":null,"b7":null,"c1":null,"c2":0.0,"c3":0.0,"c4":0.0,"d":0.0},"mfr":{"a1a3":0.0,"a4":0.0,"a5":0.197,"b1":null,"b2":0.0,"b3":null,"b4":null,"b5":null,"b6":null,"b7":null,"c1":null,"c2":0.0,"c3":16.8,"c4":0.0,"d":0.0},"mer":{"a1a3":0.0,"a4":0.0,"a5":0.0,"b1":null,"b2":0.0,"b3":null,"b4":null,"b5":null,"b6":null,"b7":null,"c1":null,"c2":0.0,"c3":0.0,"c4":0.0,"d":0.0},"eee":{"a1a3":0.0,"a4":0.0,"a5":0.727,"b1":null,"b2":0.0,"b3":null,"b4":null,"b5":null,"b6":null,"b7":null,"c1":null,"c2":0.0,"c3":0.0,"c4":0.0,"d":0.0},"eet":{"a1a3":0.0,"a4":0.0,"a5":1.07,"b1":null,"b2":0.0,"b3":null,"b4":null,"b5":null,"b6":null,"b7":null,"c1":null,"c2":0.0,"c3":0.0,"c4":0.0,"d":0.0},"meta_data":null}