{"id":"6719d07d-d738-43c0-9ade-b9039115baf3","name":"GRES PORCELLANATO - Finale Emilia","declared_unit":"M2","version":"1.1","published_date":1483228800,"valid_until":1672531200,"format_version":"1.1.5","source":null,"reference_service_life":null,"standard":"EN15804A1","comment":null,"location":"GLO","subtype":"Specific","conversions":[{"value":30.5,"to":"KG","meta_data":"{\"name\":\"grammage\",\"value\":\"30.5\",\"unit\":\"kg/m^2\",\"unitDescription\":\"kilograms per square metre\"}"}],"gwp":{"a1a3":12.5,"a4":0.81,"a5":2.84,"b1":null,"b2":0.0404,"b3":null,"b4":null,"b5":null,"b6":null,"b7":null,"c1":null,"c2":0.0629,"c3":0.0609,"c4":0.165,"d":-0.318},"odp":{"a1a3":6.45e-11,"a4":2.96e-14,"a5":7.64e-12,"b1":null,"b2":7.63e-12,"b3":null,"b4":null,"b5":null,"b6":null,"b7":null,"c1":null,"c2":2.22e-15,"c3":2.74e-14,"c4":3.73e-14,"d":-1.03e-12},"ap":{"a1a3":0.0266,"a4":0.00668,"a5":0.00425,"b1":null,"b2":0.0000585,"b3":null,"b4":null,"b5":null,"b6":null,"b7":null,"c1":null,"c2":0.000276,"c3":0.000435,"c4":0.000974,"d":-0.000781},"ep":{"a1a3":0.0038,"a4":0.000744,"a5":0.000866,"b1":null,"b2":0.0000447,"b3":null,"b4":null,"b5":null,"b6":null,"b7":null,"c1":null,"c2":0.00007,"c3":0.000105,"c4":0.000135,"d":-0.000128},"pocp":{"a1a3":0.00192,"a4":0.000343,"a5":0.00034,"b1":null,"b2":6.56e-6,"b3":null,"b4":null,"b5":null,"b6":null,"b7":null,"c1":null,"c2":-0.000109,"c3":0.0000475,"c4":0.0000757,"d":-0.0000833},"adpe":{"a1a3":0.0000428,"a4":5.89e-8,"a5":6.88e-6,"b1":null,"b2":1.33e-8,"b3":null,"b4":null,"b5":null,"b6":null,"b7":null,"c1":null,"c2":6.68e-9,"c3":8.05e-8,"c4":6.32e-8,"d":-1.31e-7},"adpf":{"a1a3":203.0,"a4":10.7,"a5":21.7,"b1":null,"b2":0.346,"b3":null,"b4":null,"b5":null,"b6":null,"b7":null,"c1":null,"c2":1.11,"c3":1.19,"c4":2.13,"d":-5.7},"penre":{"a1a3":210.0,"a4":10.8,"a5":24.8,"b1":null,"b2":0.367,"b3":null,"b4":null,"b5":null,"b6":null,"b7":null,"c1":null,"c2":1.11,"c3":1.23,"c4":2.21,"d":-6.68},"pere":{"a1a3":48.0,"a4":0.439,"a5":18.8,"b1":null,"b2":0.0187,"b3":null,"b4":null,"b5":null,"b6":null,"b7":null,"c1":null,"c2":0.0613,"c3":0.0828,"c4":0.273,"d":-2.46},"perm":{"a1a3":10.5,"a4":0.0,"a5":-11.2,"b1":null,"b2":0.0,"b3":null,"b4":null,"b5":null,"b6":null,"b7":null,"c1":null,"c2":0.0,"c3":0.0,"c4":0.0,"d":0.0},"pert":{"a1a3":58.5,"a4":0.439,"a5":9.02,"b1":null,"b2":0.0187,"b3":null,"b4":null,"b5":null,"b6":null,"b7":null,"c1":null,"c2":0.0613,"c3":0.0828,"c4":0.273,"d":-2.46},"penrt":{"a1a3":212.0,"a4":10.8,"a5":23.1,"b1":null,"b2":0.367,"b3":null,"b4":null,"b5":null,"b6":null,"b7":null,"c1":null,"c2":1.11,"c3":1.23,"c4":2.21,"d":-6.68},"penrm":{"a1a3":1.88,"a4":0.0,"a5":-2.0,"b1":null,"b2":0.0,"b3":null,"b4":null,"b5":null,"b6":null,"b7":null,"c1":null,"c2":0.0,"c3":0.0,"c4":0.0,"d":0.0},"sm":{"a1a3":3.35,"a4":0.0,"a5":0.218,"b1":null,"b2":0.0,"b3":null,"b4":null,"b5":null,"b6":null,"b7":null,"c1":null,"c2":0.0,"c3":0.0,"c4":0.0,"d":20.2},"rsf":{"a1a3":0.0,"a4":0.0,"a5":0.0,"b1":null,"b2":0.0,"b3":null,"b4":null,"b5":null,"b6":null,"b7":null,"c1":null,"c2":0.0,"c3":0.0,"c4":0.0,"d":0.0},"nrsf":{"a1a3":0.0,"a4":0.0,"a5":0.0,"b1":null,"b2":0.0,"b3":null,"b4":null,"b5":null,"b6":null,"b7":null,"c1":null,"c2":0.0,"c3":0.0,"c4":0.0,"d":0.0},"fw":{"a1a3":0.0614,"a4":0.00061,"a5":0.0086,"b1":null,"b2":0.000284,"b3":null,"b4":null,"b5":null,"b6":null,"b7":null,"c1":null,"c2":0.000113,"c3":0.000374,"c4":0.000422,"d":-0.00164},"hwd":{"a1a3":0.000879,"a4":4.36e-7,"a5":0.0000573,"b1":null,"b2":0.00254,"b3":null,"b4":null,"b5":null,"b6":null,"b7":null,"c1":null,"c2":6.42e-8,"c3":3.98e-8,"c4":3.8e-8,"d":-3.43e-8},"nhwd":{"a1a3":0.865,"a4":0.000679,"a5":2.26,"b1":null,"b2":0.00572,"b3":null,"b4":null,"b5":null,"b6":null,"b7":null,"c1":null,"c2":0.0000931,"c3":0.000261,"c4":10.4,"d":-0.979},"rwd":{"a1a3":0.00355,"a4":0.0000203,"a5":0.000532,"b1":null,"b2":8.51e-6,"b3":null,"b4":null,"b5":null,"b6":null,"b7":null,"c1":null,"c2":1.52e-6,"c3":0.0000189,"c4":0.0000319,"d":-0.000386},"cru":{"a1a3":0.0,"a4":0.0,"a5":0.232,"b1":null,"b2":0.0,"b3":null,"b4":null,"b5":null,"b6":null,"b7":null,"c1":null,"c2":0.0,"c3":0.0,"c4":0.0,"d":0.0},"mfr":{"a1a3":0.0,"a4":0.0,"a5":0.207,"b1":null,"b2":0.0,"b3":null,"b4":null,"b5":null,"b6":null,"b7":null,"c1":null,"c2":0.0,"c3":24.1,"c4":0.0,"d":0.0},"mer":{"a1a3":0.0,"a4":0.0,"a5":0.0,"b1":null,"b2":0.0,"b3":null,"b4":null,"b5":null,"b6":null,"b7":null,"c1":null,"c2":0.0,"c3":0.0,"c4":0.0,"d":0.0},"eee":{"a1a3":0.0,"a4":0.0,"a5":0.82,"b1":null,"b2":0.0,"b3":null,"b4":null,"b5":null,"b6":null,"b7":null,"c1":null,"c2":0.0,"c3":0.0,"c4":0.0,"d":0.0},"eet":{"a1a3":0.0,"a4":0.0,"a5":0.0,"b1":null,"b2":1.22,"b3":null,"b4":null,"b5":null,"b6":null,"b7":null,"c1":null,"c2":0.0,"c3":0.0,"c4":0.0,"d":0.0},"meta_data":null}