{"id":"72a9d274-e54b-4963-98d6-624b2d4bd972","name":"Prefabricated concrete panels: 03 Pan TT PU sp 30","declared_unit":"M2","version":"1.1","published_date":1672531200,"valid_until":1830297600,"format_version":"1.1.5","source":null,"reference_service_life":null,"standard":"EN15804A2","comment":null,"location":"IT","subtype":"Specific","conversions":[],"gwp":{"a1a3":null,"a4":null,"a5":null,"b1":null,"b2":null,"b3":null,"b4":null,"b5":null,"b6":null,"b7":null,"c1":34.66757644149,"c2":93.577774052952,"c3":4.503553397348,"c4":0.297908034234,"d":-8.696940445402},"odp":{"a1a3":null,"a4":null,"a5":null,"b1":null,"b2":null,"b3":null,"b4":null,"b5":null,"b6":null,"b7":null,"c1":7.21148e-7,"c2":2.046493e-6,"c3":8.2138e-8,"c4":6.48e-9,"d":-1.15681e-7},"ap":{"a1a3":null,"a4":null,"a5":null,"b1":null,"b2":null,"b3":null,"b4":null,"b5":null,"b6":null,"b7":null,"c1":0.311271359449,"c2":0.386872684271,"c3":0.035484043616,"c4":0.002252814415,"d":-0.05180270342},"ep":null,"pocp":{"a1a3":null,"a4":null,"a5":null,"b1":null,"b2":null,"b3":null,"b4":null,"b5":null,"b6":null,"b7":null,"c1":0.469581713825,"c2":0.566452622127,"c3":0.048739077499,"c4":0.003237216351,"d":-0.052022657186},"adpe":{"a1a3":null,"a4":null,"a5":null,"b1":null,"b2":null,"b3":null,"b4":null,"b5":null,"b6":null,"b7":null,"c1":0.000012818468,"c2":0.000302094172,"c3":0.000010839089,"c4":4.36504e-7,"d":-0.000038388122},"adpf":{"a1a3":null,"a4":null,"a5":null,"b1":null,"b2":null,"b3":null,"b4":null,"b5":null,"b6":null,"b7":null,"c1":551.622226330329,"c2":1333.354199487113,"c3":71.138484466322,"c4":5.502114351759,"d":-109.318178061138},"penre":{"a1a3":null,"a4":null,"a5":null,"b1":null,"b2":null,"b3":null,"b4":null,"b5":null,"b6":null,"b7":null,"c1":0.0,"c2":0.0,"c3":0.0,"c4":0.0,"d":0.0},"pere":{"a1a3":null,"a4":null,"a5":null,"b1":null,"b2":null,"b3":null,"b4":null,"b5":null,"b6":null,"b7":null,"c1":0.0,"c2":0.0,"c3":0.0,"c4":0.0,"d":0.0},"perm":{"a1a3":null,"a4":null,"a5":null,"b1":null,"b2":null,"b3":null,"b4":null,"b5":null,"b6":null,"b7":null,"c1":0.0,"c2":0.0,"c3":0.0,"c4":0.0,"d":0.0},"pert":null,"penrt":{"a1a3":null,"a4":null,"a5":null,"b1":null,"b2":null,"b3":null,"b4":null,"b5":null,"b6":null,"b7":null,"c1":0.0,"c2":0.0,"c3":0.0,"c4":0.0,"d":0.0},"penrm":{"a1a3":null,"a4":null,"a5":null,"b1":null,"b2":null,"b3":null,"b4":null,"b5":null,"b6":null,"b7":null,"c1":0.0,"c2":0.0,"c3":0.0,"c4":0.0,"d":0.0},"sm":{"a1a3":null,"a4":null,"a5":null,"b1":null,"b2":null,"b3":null,"b4":null,"b5":null,"b6":null,"b7":null,"c1":0.0,"c2":0.0,"c3":0.0,"c4":0.0,"d":0.0},"rsf":{"a1a3":null,"a4":null,"a5":null,"b1":null,"b2":null,"b3":null,"b4":null,"b5":null,"b6":null,"b7":null,"c1":0.0,"c2":0.0,"c3":0.0,"c4":0.0,"d":0.0},"nrsf":{"a1a3":null,"a4":null,"a5":null,"b1":null,"b2":null,"b3":null,"b4":null,"b5":null,"b6":null,"b7":null,"c1":0.0,"c2":0.0,"c3":0.0,"c4":0.0,"d":0.0},"fw":{"a1a3":null,"a4":null,"a5":null,"b1":null,"b2":null,"b3":null,"b4":null,"b5":null,"b6":null,"b7":null,"c1":0.0,"c2":0.0,"c3":0.0,"c4":0.0,"d":0.0},"hwd":{"a1a3":null,"a4":null,"a5":null,"b1":null,"b2":null,"b3":null,"b4":null,"b5":null,"b6":null,"b7":null,"c1":0.0,"c2":0.0,"c3":0.0,"c4":0.0,"d":0.0},"nhwd":{"a1a3":null,"a4":null,"a5":null,"b1":null,"b2":null,"b3":null,"b4":null,"b5":null,"b6":null,"b7":null,"c1":0.0,"c2":0.0,"c3":0.0,"c4":0.0,"d":0.0},"rwd":{"a1a3":null,"a4":null,"a5":null,"b1":null,"b2":null,"b3":null,"b4":null,"b5":null,"b6":null,"b7":null,"c1":0.0,"c2":0.0,"c3":0.0,"c4":0.0,"d":0.0},"cru":{"a1a3":null,"a4":null,"a5":null,"b1":null,"b2":null,"b3":null,"b4":null,"b5":null,"b6":null,"b7":null,"c1":0.0,"c2":0.0,"c3":0.0,"c4":0.0,"d":0.0},"mfr":{"a1a3":null,"a4":null,"a5":null,"b1":null,"b2":null,"b3":null,"b4":null,"b5":null,"b6":null,"b7":null,"c1":0.0,"c2":0.0,"c3":0.0,"c4":0.0,"d":0.0},"mer":{"a1a3":null,"a4":null,"a5":null,"b1":null,"b2":null,"b3":null,"b4":null,"b5":null,"b6":null,"b7":null,"c1":0.0,"c2":0.0,"c3":0.0,"c4":0.0,"d":0.0},"eee":{"a1a3":null,"a4":null,"a5":null,"b1":null,"b2":null,"b3":null,"b4":null,"b5":null,"b6":null,"b7":null,"c1":0.0,"c2":0.0,"c3":0.0,"c4":0.0,"d":0.0},"eet":{"a1a3":null,"a4":null,"a5":null,"b1":null,"b2":null,"b3":null,"b4":null,"b5":null,"b6":null,"b7":null,"c1":0.0,"c2":0.0,"c3":0.0,"c4":0.0,"d":0.0},"meta_data":null}