{"id":"776df8d2-8435-4115-8b7c-fda024a09674","name":"Prestigio section – PVC window 1,23m x 1,48m: PVC Aluminium sheet - Triple Glazing","declared_unit":"M2","version":"1.1","published_date":1672531200,"valid_until":1830297600,"format_version":"1.1.5","source":null,"reference_service_life":null,"standard":"EN15804A2","comment":null,"location":"FR","subtype":"Specific","conversions":[],"gwp":{"a1a3":null,"a4":0.682361884,"a5":3.446569633,"b1":null,"b2":0.214413903,"b3":null,"b4":null,"b5":null,"b6":null,"b7":null,"c1":0.003686541,"c2":0.674212013,"c3":5.841871603,"c4":3.042733434,"d":-28.56777671},"odp":{"a1a3":null,"a4":1.56e-7,"a5":1.4e-7,"b1":null,"b2":1.25e-7,"b3":null,"b4":null,"b5":null,"b6":null,"b7":null,"c1":4.91e-10,"c2":1.56e-7,"c3":4.65e-7,"c4":5.07e-8,"d":-6.21e-6},"ap":{"a1a3":null,"a4":0.002095603,"a5":0.007020884,"b1":null,"b2":0.001554479,"b3":null,"b4":null,"b5":null,"b6":null,"b7":null,"c1":0.0000137,"c2":0.0019078,"c3":0.010795305,"c4":0.001267065,"d":-0.16186436},"ep":null,"pocp":{"a1a3":null,"a4":0.00185767,"a5":0.006563935,"b1":null,"b2":0.004286951,"b3":null,"b4":null,"b5":null,"b6":null,"b7":null,"c1":7.03e-6,"c2":0.001624784,"c3":0.01127777,"c4":0.002031839,"d":-0.080145687},"adpe":{"a1a3":null,"a4":2.61e-6,"a5":0.000014,"b1":null,"b2":3.19e-6,"b3":null,"b4":null,"b5":null,"b6":null,"b7":null,"c1":4.28e-9,"c2":2.43e-6,"c3":5.9e-6,"c4":4.43e-7,"d":0.0000971},"adpf":{"a1a3":null,"a4":10.08203835,"a5":19.13777356,"b1":null,"b2":9.860870712,"b3":null,"b4":null,"b5":null,"b6":null,"b7":null,"c1":0.047115536,"c2":9.99572328,"c3":31.58246366,"c4":3.514038355,"d":-457.8054375},"penre":{"a1a3":null,"a4":0.0,"a5":0.0,"b1":null,"b2":0.0,"b3":null,"b4":null,"b5":null,"b6":null,"b7":null,"c1":0.0,"c2":0.0,"c3":0.0,"c4":0.0,"d":0.0},"pere":{"a1a3":null,"a4":0.0,"a5":0.0,"b1":null,"b2":0.0,"b3":null,"b4":null,"b5":null,"b6":null,"b7":null,"c1":0.0,"c2":0.0,"c3":0.0,"c4":0.0,"d":0.0},"perm":{"a1a3":null,"a4":0.0,"a5":0.0,"b1":null,"b2":0.0,"b3":null,"b4":null,"b5":null,"b6":null,"b7":null,"c1":0.0,"c2":0.0,"c3":0.0,"c4":0.0,"d":0.0},"pert":null,"penrt":{"a1a3":null,"a4":0.0,"a5":0.0,"b1":null,"b2":0.0,"b3":null,"b4":null,"b5":null,"b6":null,"b7":null,"c1":0.0,"c2":0.0,"c3":0.0,"c4":0.0,"d":0.0},"penrm":{"a1a3":null,"a4":0.0,"a5":0.0,"b1":null,"b2":0.0,"b3":null,"b4":null,"b5":null,"b6":null,"b7":null,"c1":0.0,"c2":0.0,"c3":0.0,"c4":0.0,"d":0.0},"sm":{"a1a3":null,"a4":0.003582034,"a5":0.203594759,"b1":null,"b2":0.001895862,"b3":null,"b4":null,"b5":null,"b6":null,"b7":null,"c1":3.99e-6,"c2":0.003402598,"c3":0.010858831,"c4":0.001364885,"d":-4.061660349},"rsf":{"a1a3":null,"a4":0.0000399,"a5":0.002412632,"b1":null,"b2":0.000132228,"b3":null,"b4":null,"b5":null,"b6":null,"b7":null,"c1":3.42e-8,"c2":0.0000374,"c3":0.000108217,"c4":0.0000381,"d":-0.002154448},"nrsf":{"a1a3":null,"a4":0.0,"a5":0.0,"b1":null,"b2":0.0,"b3":null,"b4":null,"b5":null,"b6":null,"b7":null,"c1":0.0,"c2":0.0,"c3":0.0,"c4":0.0,"d":0.0},"fw":{"a1a3":null,"a4":0.0,"a5":0.0,"b1":null,"b2":0.0,"b3":null,"b4":null,"b5":null,"b6":null,"b7":null,"c1":0.0,"c2":0.0,"c3":0.0,"c4":0.0,"d":0.0},"hwd":{"a1a3":null,"a4":0.0,"a5":0.0,"b1":null,"b2":0.0,"b3":null,"b4":null,"b5":null,"b6":null,"b7":null,"c1":0.0,"c2":0.0,"c3":0.0,"c4":0.0,"d":0.0},"nhwd":{"a1a3":null,"a4":0.0,"a5":0.0,"b1":null,"b2":0.0,"b3":null,"b4":null,"b5":null,"b6":null,"b7":null,"c1":0.0,"c2":0.0,"c3":0.0,"c4":0.0,"d":0.0},"rwd":{"a1a3":null,"a4":0.0,"a5":0.0,"b1":null,"b2":0.0,"b3":null,"b4":null,"b5":null,"b6":null,"b7":null,"c1":0.0,"c2":0.0,"c3":0.0,"c4":0.0,"d":0.0},"cru":{"a1a3":null,"a4":0.0,"a5":0.0,"b1":null,"b2":0.0,"b3":null,"b4":null,"b5":null,"b6":null,"b7":null,"c1":0.0,"c2":0.0,"c3":0.0,"c4":0.0,"d":0.0},"mfr":{"a1a3":null,"a4":0.0,"a5":0.0,"b1":null,"b2":0.0,"b3":null,"b4":null,"b5":null,"b6":null,"b7":null,"c1":0.0,"c2":0.0,"c3":0.0,"c4":0.0,"d":0.0},"mer":{"a1a3":null,"a4":2.59e-7,"a5":3.63e-6,"b1":null,"b2":3.56e-7,"b3":null,"b4":null,"b5":null,"b6":null,"b7":null,"c1":4.11e-10,"c2":2.52e-7,"c3":7.31e-7,"c4":8.13e-8,"d":-0.0000233},"eee":{"a1a3":null,"a4":0.00223476,"a5":0.160294273,"b1":null,"b2":0.003460819,"b3":null,"b4":null,"b5":null,"b6":null,"b7":null,"c1":0.000108636,"c2":0.002176533,"c3":4.034545053,"c4":0.004132557,"d":-0.189847221},"eet":{"a1a3":null,"a4":0.0,"a5":0.0,"b1":null,"b2":0.0,"b3":null,"b4":null,"b5":null,"b6":null,"b7":null,"c1":0.0,"c2":0.0,"c3":0.0,"c4":0.0,"d":0.0},"meta_data":null}