{"id":"864414d1-df0a-42b2-a6f4-8474b3f7a68f","name":"Air, wind and water barrier membranes and Vapor control layers: VAPOR 225","declared_unit":"M2","version":"1.1","published_date":1609459200,"valid_until":1767225600,"format_version":"1.1.5","source":null,"reference_service_life":null,"standard":"EN15804A2","comment":null,"location":"IT","subtype":"Specific","conversions":[],"gwp":{"a1a3":null,"a4":0.0234,"a5":0.092,"b1":0.0,"b2":0.0,"b3":0.0,"b4":0.0,"b5":0.0,"b6":0.0,"b7":0.0,"c1":0.00281,"c2":0.00703,"c3":0.0954,"c4":0.0124,"d":-0.139},"odp":{"a1a3":null,"a4":0.0,"a5":0.0,"b1":0.0,"b2":0.0,"b3":0.0,"b4":0.0,"b5":0.0,"b6":0.0,"b7":0.0,"c1":0.0,"c2":0.0,"c3":0.0,"c4":0.0,"d":0.0},"ap":{"a1a3":null,"a4":0.0000804,"a5":0.000162,"b1":0.0,"b2":0.0,"b3":0.0,"b4":0.0,"b5":0.0,"b6":0.0,"b7":0.0,"c1":5.8e-6,"c2":0.0000198,"c3":0.0000367,"c4":0.0000361,"d":-0.000252},"ep":null,"pocp":{"a1a3":null,"a4":0.0000725,"a5":0.000157,"b1":0.0,"b2":0.0,"b3":0.0,"b4":0.0,"b5":0.0,"b6":0.0,"b7":0.0,"c1":3.74e-6,"c2":0.0000177,"c3":0.0000276,"c4":0.000029,"d":-0.000262},"adpe":{"a1a3":null,"a4":2.06e-9,"a5":1.55e-6,"b1":0.0,"b2":0.0,"b3":0.0,"b4":0.0,"b5":0.0,"b6":0.0,"b7":0.0,"c1":8.2e-10,"c2":5.33e-10,"c3":3.53e-9,"c4":7.74e-10,"d":-1.75e-8},"adpf":{"a1a3":null,"a4":0.31,"a5":2.25,"b1":0.0,"b2":0.0,"b3":0.0,"b4":0.0,"b5":0.0,"b6":0.0,"b7":0.0,"c1":0.0496,"c2":0.0931,"c3":0.311,"c4":0.164,"d":-4.46},"penre":{"a1a3":null,"a4":0.311,"a5":1.21,"b1":0.0,"b2":0.0,"b3":0.0,"b4":0.0,"b5":0.0,"b6":0.0,"b7":0.0,"c1":0.0496,"c2":0.0933,"c3":1.09,"c4":0.164,"d":-3.83},"pere":{"a1a3":null,"a4":0.0178,"a5":0.118,"b1":0.0,"b2":0.0,"b3":0.0,"b4":0.0,"b5":0.0,"b6":0.0,"b7":0.0,"c1":0.0228,"c2":0.0052,"c3":0.0869,"c4":0.0119,"d":-0.214},"perm":{"a1a3":null,"a4":0.0,"a5":0.0203,"b1":0.0,"b2":0.0,"b3":0.0,"b4":0.0,"b5":0.0,"b6":0.0,"b7":0.0,"c1":0.0,"c2":0.0,"c3":0.0,"c4":0.0,"d":0.0},"pert":null,"penrt":{"a1a3":null,"a4":0.311,"a5":2.25,"b1":0.0,"b2":0.0,"b3":0.0,"b4":0.0,"b5":0.0,"b6":0.0,"b7":0.0,"c1":0.0496,"c2":0.0933,"c3":0.311,"c4":0.164,"d":-4.47},"penrm":{"a1a3":null,"a4":0.0,"a5":1.04,"b1":0.0,"b2":0.0,"b3":0.0,"b4":0.0,"b5":0.0,"b6":0.0,"b7":0.0,"c1":0.0,"c2":0.0,"c3":-0.776,"c4":0.0,"d":-0.636},"sm":{"a1a3":null,"a4":0.0,"a5":0.000385,"b1":0.0,"b2":0.0,"b3":0.0,"b4":0.0,"b5":0.0,"b6":0.0,"b7":0.0,"c1":0.0,"c2":0.0,"c3":0.0,"c4":0.0,"d":0.0},"rsf":{"a1a3":null,"a4":0.0,"a5":0.0,"b1":0.0,"b2":0.0,"b3":0.0,"b4":0.0,"b5":0.0,"b6":0.0,"b7":0.0,"c1":0.0,"c2":0.0,"c3":0.0,"c4":0.0,"d":0.0},"nrsf":{"a1a3":null,"a4":0.0,"a5":0.0,"b1":0.0,"b2":0.0,"b3":0.0,"b4":0.0,"b5":0.0,"b6":0.0,"b7":0.0,"c1":0.0,"c2":0.0,"c3":0.0,"c4":0.0,"d":0.0},"fw":{"a1a3":null,"a4":0.0000204,"a5":0.000357,"b1":0.0,"b2":0.0,"b3":0.0,"b4":0.0,"b5":0.0,"b6":0.0,"b7":0.0,"c1":0.0000222,"c2":5.95e-6,"c3":0.000264,"c4":3.63e-6,"d":-0.000632},"hwd":{"a1a3":null,"a4":1.6e-11,"a5":6.73e-10,"b1":0.0,"b2":0.0,"b3":0.0,"b4":0.0,"b5":0.0,"b6":0.0,"b7":0.0,"c1":1.3e-11,"c2":5e-12,"c3":7.2e-11,"c4":2.9e-11,"d":-7.39e-10},"nhwd":{"a1a3":null,"a4":0.0000488,"a5":0.0266,"b1":0.0,"b2":0.0,"b3":0.0,"b4":0.0,"b5":0.0,"b6":0.0,"b7":0.0,"c1":0.0000352,"c2":0.0000139,"c3":0.00447,"c4":0.157,"d":-0.000975},"rwd":{"a1a3":null,"a4":5.64e-7,"a5":0.0000313,"b1":0.0,"b2":0.0,"b3":0.0,"b4":0.0,"b5":0.0,"b6":0.0,"b7":0.0,"c1":7.38e-6,"c2":1.13e-7,"c3":0.0000272,"c4":1.91e-6,"d":-0.0000687},"cru":{"a1a3":null,"a4":0.0,"a5":0.0,"b1":0.0,"b2":0.0,"b3":0.0,"b4":0.0,"b5":0.0,"b6":0.0,"b7":0.0,"c1":0.0,"c2":0.0,"c3":0.0,"c4":0.0,"d":0.0},"mfr":{"a1a3":null,"a4":0.0,"a5":0.00211,"b1":0.0,"b2":0.0,"b3":0.0,"b4":0.0,"b5":0.0,"b6":0.0,"b7":0.0,"c1":0.0,"c2":0.0,"c3":0.0607,"c4":0.0,"d":0.0},"mer":{"a1a3":null,"a4":0.0,"a5":0.0,"b1":0.0,"b2":0.0,"b3":0.0,"b4":0.0,"b5":0.0,"b6":0.0,"b7":0.0,"c1":0.0,"c2":0.0,"c3":0.0,"c4":0.0,"d":0.0},"eee":{"a1a3":null,"a4":0.0,"a5":0.0196,"b1":0.0,"b2":0.0,"b3":0.0,"b4":0.0,"b5":0.0,"b6":0.0,"b7":0.0,"c1":0.0,"c2":0.0,"c3":0.119,"c4":0.0,"d":0.0},"eet":{"a1a3":null,"a4":0.0,"a5":0.0301,"b1":0.0,"b2":0.0,"b3":0.0,"b4":0.0,"b5":0.0,"b6":0.0,"b7":0.0,"c1":0.0,"c2":0.0,"c3":0.212,"c4":0.0,"d":0.0},"meta_data":null}