{"id":"8890b41e-1b18-4fcb-ba70-8c55bf40cac0","name":"GRES PORCELLANATO - Toano","declared_unit":"M2","version":"1.1","published_date":1483228800,"valid_until":1672531200,"format_version":"1.1.5","source":null,"reference_service_life":null,"standard":"EN15804A1","comment":null,"location":"GLO","subtype":"Specific","conversions":[{"value":25.1,"to":"KG","meta_data":"{\"name\":\"grammage\",\"value\":\"25.1\",\"unit\":\"kg/m^2\",\"unitDescription\":\"kilograms per square metre\"}"}],"gwp":{"a1a3":12.0,"a4":0.666,"a5":2.69,"b1":null,"b2":0.0404,"b3":null,"b4":null,"b5":null,"b6":null,"b7":null,"c1":null,"c2":0.0537,"c3":0.0521,"c4":0.141,"d":-0.267},"odp":{"a1a3":5.99e-11,"a4":2.43e-14,"a5":6.27e-12,"b1":null,"b2":7.63e-12,"b3":null,"b4":null,"b5":null,"b6":null,"b7":null,"c1":null,"c2":1.9e-15,"c3":2.34e-14,"c4":3.18e-14,"d":-7.52e-13},"ap":{"a1a3":0.0241,"a4":0.00549,"a5":0.00391,"b1":null,"b2":0.0000585,"b3":null,"b4":null,"b5":null,"b6":null,"b7":null,"c1":null,"c2":0.000236,"c3":0.000372,"c4":0.000832,"d":-0.000634},"ep":{"a1a3":0.00337,"a4":0.000611,"a5":0.000797,"b1":null,"b2":0.0000447,"b3":null,"b4":null,"b5":null,"b6":null,"b7":null,"c1":null,"c2":0.0000598,"c3":0.0000895,"c4":0.000115,"d":-0.000103},"pocp":{"a1a3":0.00183,"a4":0.000282,"a5":0.000306,"b1":null,"b2":6.56e-6,"b3":null,"b4":null,"b5":null,"b6":null,"b7":null,"c1":null,"c2":-0.0000927,"c3":0.0000406,"c4":0.0000647,"d":-0.0000676},"adpe":{"a1a3":0.0000775,"a4":4.84e-8,"a5":9.11e-6,"b1":null,"b2":1.33e-8,"b3":null,"b4":null,"b5":null,"b6":null,"b7":null,"c1":null,"c2":5.71e-9,"c3":6.87e-8,"c4":5.4e-8,"d":-1.06e-7},"adpf":{"a1a3":187.0,"a4":8.82,"a5":20.0,"b1":null,"b2":0.346,"b3":null,"b4":null,"b5":null,"b6":null,"b7":null,"c1":null,"c2":0.946,"c3":1.01,"c4":1.82,"d":-4.62},"penre":{"a1a3":194.0,"a4":8.86,"a5":22.5,"b1":null,"b2":0.367,"b3":null,"b4":null,"b5":null,"b6":null,"b7":null,"c1":null,"c2":0.949,"c3":1.05,"c4":1.89,"d":-5.4},"pere":{"a1a3":39.2,"a4":0.361,"a5":14.8,"b1":null,"b2":0.0187,"b3":null,"b4":null,"b5":null,"b6":null,"b7":null,"c1":null,"c2":0.0523,"c3":0.0707,"c4":0.233,"d":-1.78},"perm":{"a1a3":8.1,"a4":0.0,"a5":-8.62,"b1":null,"b2":0.0,"b3":null,"b4":null,"b5":null,"b6":null,"b7":null,"c1":null,"c2":0.0,"c3":0.0,"c4":0.0,"d":0.0},"pert":{"a1a3":47.3,"a4":0.361,"a5":7.25,"b1":null,"b2":0.0187,"b3":null,"b4":null,"b5":null,"b6":null,"b7":null,"c1":null,"c2":0.0523,"c3":0.0707,"c4":0.233,"d":-1.78},"penrt":{"a1a3":195.0,"a4":8.86,"a5":21.2,"b1":null,"b2":0.367,"b3":null,"b4":null,"b5":null,"b6":null,"b7":null,"c1":null,"c2":0.949,"c3":1.05,"c4":1.89,"d":-5.4},"penrm":{"a1a3":1.4,"a4":0.0,"a5":-1.49,"b1":null,"b2":0.0,"b3":null,"b4":null,"b5":null,"b6":null,"b7":null,"c1":null,"c2":0.0,"c3":0.0,"c4":0.0,"d":0.0},"sm":{"a1a3":2.15,"a4":0.0,"a5":0.14,"b1":null,"b2":0.0,"b3":null,"b4":null,"b5":null,"b6":null,"b7":null,"c1":null,"c2":0.0,"c3":0.0,"c4":0.0,"d":18.0},"rsf":{"a1a3":0.0,"a4":0.0,"a5":0.0,"b1":null,"b2":0.0,"b3":null,"b4":null,"b5":null,"b6":null,"b7":null,"c1":null,"c2":0.0,"c3":0.0,"c4":0.0,"d":0.0},"nrsf":{"a1a3":0.0,"a4":0.0,"a5":0.0,"b1":null,"b2":0.0,"b3":null,"b4":null,"b5":null,"b6":null,"b7":null,"c1":null,"c2":0.0,"c3":0.0,"c4":0.0,"d":0.0},"fw":{"a1a3":0.0549,"a4":0.000666,"a5":0.00749,"b1":null,"b2":0.000284,"b3":null,"b4":null,"b5":null,"b6":null,"b7":null,"c1":null,"c2":0.0000965,"c3":0.000319,"c4":0.00036,"d":-0.00131},"hwd":{"a1a3":0.000603,"a4":3.58e-7,"a5":0.0000393,"b1":null,"b2":0.00254,"b3":null,"b4":null,"b5":null,"b6":null,"b7":null,"c1":null,"c2":5.49e-8,"c3":3.4e-8,"c4":3.25e-8,"d":2.63e-8},"nhwd":{"a1a3":1.36,"a4":0.000558,"a5":1.91,"b1":null,"b2":0.00572,"b3":null,"b4":null,"b5":null,"b6":null,"b7":null,"c1":null,"c2":0.0000795,"c3":0.000223,"c4":8.85,"d":-0.836},"rwd":{"a1a3":0.00326,"a4":0.0000167,"a5":0.000497,"b1":null,"b2":8.51e-6,"b3":null,"b4":null,"b5":null,"b6":null,"b7":null,"c1":null,"c2":1.3e-6,"c3":0.0000161,"c4":0.0000273,"d":-0.000312},"cru":{"a1a3":0.0,"a4":0.0,"a5":0.19,"b1":null,"b2":0.0,"b3":null,"b4":null,"b5":null,"b6":null,"b7":null,"c1":null,"c2":0.0,"c3":0.0,"c4":0.0,"d":0.0},"mfr":{"a1a3":0.0,"a4":0.0,"a5":0.138,"b1":null,"b2":0.0,"b3":null,"b4":null,"b5":null,"b6":null,"b7":null,"c1":null,"c2":0.0,"c3":20.6,"c4":0.0,"d":0.0},"mer":{"a1a3":0.0,"a4":0.0,"a5":0.0,"b1":null,"b2":0.0,"b3":null,"b4":null,"b5":null,"b6":null,"b7":null,"c1":null,"c2":0.0,"c3":0.0,"c4":0.0,"d":0.0},"eee":{"a1a3":0.0,"a4":0.0,"a5":0.66,"b1":null,"b2":0.0,"b3":null,"b4":null,"b5":null,"b6":null,"b7":null,"c1":null,"c2":0.0,"c3":0.0,"c4":0.0,"d":0.0},"eet":{"a1a3":0.0,"a4":0.0,"a5":0.978,"b1":null,"b2":0.0,"b3":null,"b4":null,"b5":null,"b6":null,"b7":null,"c1":null,"c2":0.0,"c3":0.0,"c4":0.0,"d":0.0},"meta_data":null}