{"id":"90a81ee9-cbaa-4a0e-9c6d-ef8e5745014c","name":"PORCELAIN STONEWARE CERAMIC TILES0033","declared_unit":"M2","version":"1.1","published_date":1451606400,"valid_until":1672531200,"format_version":"1.1.5","source":null,"reference_service_life":null,"standard":"EN15804A1","comment":null,"location":"GLO","subtype":"Specific","conversions":[{"value":25.5,"to":"KG","meta_data":"{\"name\":\"grammage\",\"value\":\"25.5\",\"unit\":\"kg/m^2\",\"unitDescription\":\"kilograms per square metre\"}"}],"gwp":{"a1a3":16.1,"a4":0.687,"a5":3.01,"b1":null,"b2":0.0404,"b3":null,"b4":null,"b5":null,"b6":null,"b7":null,"c1":null,"c2":0.0545,"c3":0.0528,"c4":0.143,"d":-0.273},"odp":{"a1a3":4.53e-11,"a4":2.51e-14,"a5":8.57e-12,"b1":null,"b2":7.63e-12,"b3":null,"b4":null,"b5":null,"b6":null,"b7":null,"c1":null,"c2":1.92e-15,"c3":2.37e-14,"c4":3.23e-14,"d":-1.4e-12},"ap":{"a1a3":0.0281,"a4":0.00566,"a5":0.00434,"b1":null,"b2":0.0000585,"b3":null,"b4":null,"b5":null,"b6":null,"b7":null,"c1":null,"c2":0.000239,"c3":0.000377,"c4":0.000844,"d":-0.000784},"ep":{"a1a3":0.00403,"a4":0.000631,"a5":0.000907,"b1":null,"b2":0.0000447,"b3":null,"b4":null,"b5":null,"b6":null,"b7":null,"c1":null,"c2":0.0000606,"c3":0.0000907,"c4":0.000116,"d":-0.000132},"pocp":{"a1a3":0.00283,"a4":0.000291,"a5":0.000406,"b1":null,"b2":6.56e-6,"b3":null,"b4":null,"b5":null,"b6":null,"b7":null,"c1":null,"c2":-0.000094,"c3":0.0000411,"c4":0.0000656,"d":-0.0000825},"adpe":{"a1a3":0.0000314,"a4":5e-8,"a5":6.16e-6,"b1":null,"b2":1.33e-8,"b3":null,"b4":null,"b5":null,"b6":null,"b7":null,"c1":null,"c2":5.78e-9,"c3":6.97e-8,"c4":5.47e-8,"d":-1.32e-7},"adpf":{"a1a3":265.0,"a4":9.1,"a5":26.5,"b1":null,"b2":0.346,"b3":null,"b4":null,"b5":null,"b6":null,"b7":null,"c1":null,"c2":0.959,"c3":1.03,"c4":1.84,"d":-5.4},"penre":{"a1a3":269.0,"a4":9.15,"a5":29.0,"b1":null,"b2":0.367,"b3":null,"b4":null,"b5":null,"b6":null,"b7":null,"c1":null,"c2":0.962,"c3":1.07,"c4":1.91,"d":-6.4},"pere":{"a1a3":29.1,"a4":0.372,"a5":22.2,"b1":null,"b2":0.0187,"b3":null,"b4":null,"b5":null,"b6":null,"b7":null,"c1":null,"c2":0.0531,"c3":0.0717,"c4":0.237,"d":-3.39},"perm":{"a1a3":13.0,"a4":0.0,"a5":-13.8,"b1":null,"b2":0.0,"b3":null,"b4":null,"b5":null,"b6":null,"b7":null,"c1":null,"c2":0.0,"c3":0.0,"c4":0.0,"d":0.0},"pert":{"a1a3":42.1,"a4":0.372,"a5":10.0,"b1":null,"b2":0.0187,"b3":null,"b4":null,"b5":null,"b6":null,"b7":null,"c1":null,"c2":0.0531,"c3":0.0717,"c4":0.237,"d":-3.39},"penrt":{"a1a3":271.0,"a4":9.15,"a5":27.7,"b1":null,"b2":0.367,"b3":null,"b4":null,"b5":null,"b6":null,"b7":null,"c1":null,"c2":0.962,"c3":1.07,"c4":1.91,"d":-6.4},"penrm":{"a1a3":1.41,"a4":0.0,"a5":-1.5,"b1":null,"b2":0.0,"b3":null,"b4":null,"b5":null,"b6":null,"b7":null,"c1":null,"c2":0.0,"c3":0.0,"c4":0.0,"d":0.0},"sm":{"a1a3":0.00356,"a4":0.0,"a5":0.000232,"b1":null,"b2":0.0,"b3":null,"b4":null,"b5":null,"b6":null,"b7":null,"c1":null,"c2":0.0,"c3":0.0,"c4":0.0,"d":20.6},"rsf":{"a1a3":0.0,"a4":0.0,"a5":0.0,"b1":null,"b2":0.0,"b3":null,"b4":null,"b5":null,"b6":null,"b7":null,"c1":null,"c2":0.0,"c3":0.0,"c4":0.0,"d":0.0},"nrsf":{"a1a3":0.0,"a4":0.0,"a5":0.0,"b1":null,"b2":0.0,"b3":null,"b4":null,"b5":null,"b6":null,"b7":null,"c1":null,"c2":0.0,"c3":0.0,"c4":0.0,"d":0.0},"fw":{"a1a3":0.0425,"a4":0.000687,"a5":0.00828,"b1":null,"b2":0.000284,"b3":null,"b4":null,"b5":null,"b6":null,"b7":null,"c1":null,"c2":0.0000978,"c3":0.000324,"c4":0.000365,"d":-0.0017},"hwd":{"a1a3":0.000359,"a4":3.7e-7,"a5":0.0000235,"b1":null,"b2":0.00254,"b3":null,"b4":null,"b5":null,"b6":null,"b7":null,"c1":null,"c2":5.56e-8,"c3":3.45e-8,"c4":3.29e-8,"d":-4.2e-8},"nhwd":{"a1a3":0.846,"a4":0.000576,"a5":1.95,"b1":null,"b2":0.00572,"b3":null,"b4":null,"b5":null,"b6":null,"b7":null,"c1":null,"c2":0.0000806,"c3":0.000226,"c4":8.97,"d":-0.848},"rwd":{"a1a3":0.00216,"a4":0.0000172,"a5":0.000461,"b1":null,"b2":8.51e-6,"b3":null,"b4":null,"b5":null,"b6":null,"b7":null,"c1":null,"c2":1.32e-6,"c3":0.0000164,"c4":0.0000277,"d":-0.000397},"cru":{"a1a3":0.0,"a4":0.0,"a5":0.249,"b1":null,"b2":0.0,"b3":null,"b4":null,"b5":null,"b6":null,"b7":null,"c1":null,"c2":0.0,"c3":0.0,"c4":0.0,"d":0.0},"mfr":{"a1a3":0.0,"a4":0.0,"a5":0.327,"b1":null,"b2":0.0,"b3":null,"b4":null,"b5":null,"b6":null,"b7":null,"c1":null,"c2":0.0,"c3":20.9,"c4":0.0,"d":0.0},"mer":{"a1a3":0.0,"a4":0.0,"a5":0.0,"b1":null,"b2":0.0,"b3":null,"b4":null,"b5":null,"b6":null,"b7":null,"c1":null,"c2":0.0,"c3":0.0,"c4":0.0,"d":0.0},"eee":{"a1a3":0.0,"a4":0.0,"a5":0.866,"b1":null,"b2":0.0,"b3":null,"b4":null,"b5":null,"b6":null,"b7":null,"c1":null,"c2":0.0,"c3":0.0,"c4":0.0,"d":0.0},"eet":{"a1a3":0.0,"a4":0.0,"a5":1.28,"b1":null,"b2":0.0,"b3":null,"b4":null,"b5":null,"b6":null,"b7":null,"c1":null,"c2":0.0,"c3":0.0,"c4":0.0,"d":0.0},"meta_data":null}