{"id":"9143baa7-760b-4a98-9a28-733dcfe6d63b","name":"CERAMIC TILES - Fiorano Emilia - linea piastrelle","declared_unit":"M2","version":"1.1","published_date":1514764800,"valid_until":1735689600,"format_version":"1.1.5","source":null,"reference_service_life":null,"standard":"EN15804A1","comment":null,"location":"GLO","subtype":"Generic","conversions":[{"value":22.6,"to":"KG","meta_data":"{\"name\":\"grammage\",\"value\":\"22.6\",\"unit\":\"kg/m^2\",\"unitDescription\":\"kilograms per square metre\"}"}],"gwp":{"a1a3":11.7,"a4":0.585,"a5":2.54,"b1":null,"b2":0.0132,"b3":null,"b4":null,"b5":null,"b6":null,"b7":null,"c1":null,"c2":0.103,"c3":0.0506,"c4":0.128,"d":-0.0467},"odp":{"a1a3":1.93e-12,"a4":1.24e-16,"a5":1.21e-12,"b1":null,"b2":6.32e-16,"b3":null,"b4":null,"b5":null,"b6":null,"b7":null,"c1":null,"c2":1.72e-17,"c3":2.27e-14,"c4":7.42e-16,"d":-9.4e-16},"ap":{"a1a3":0.0391,"a4":0.00558,"a5":0.00474,"b1":null,"b2":0.0000165,"b3":null,"b4":null,"b5":null,"b6":null,"b7":null,"c1":null,"c2":0.000445,"c3":0.000361,"c4":0.000765,"d":-0.000218},"ep":{"a1a3":0.00418,"a4":0.000637,"a5":0.000794,"b1":null,"b2":0.0000269,"b3":null,"b4":null,"b5":null,"b6":null,"b7":null,"c1":null,"c2":0.000113,"c3":0.0000869,"c4":0.0000867,"d":-0.0000433},"pocp":{"a1a3":0.00223,"a4":0.000288,"a5":0.000301,"b1":null,"b2":2.66e-6,"b3":null,"b4":null,"b5":null,"b6":null,"b7":null,"c1":null,"c2":-0.000184,"c3":0.0000394,"c4":0.0000587,"d":-0.0000197},"adpe":{"a1a3":0.00149,"a4":4.06e-8,"a5":0.000101,"b1":null,"b2":5.03e-9,"b3":null,"b4":null,"b5":null,"b6":null,"b7":null,"c1":null,"c2":8.03e-9,"c3":6.68e-8,"c4":4.7e-8,"d":-1.54e-8},"adpf":{"a1a3":187.0,"a4":7.72,"a5":16.7,"b1":null,"b2":0.181,"b3":null,"b4":null,"b5":null,"b6":null,"b7":null,"c1":null,"c2":1.41,"c3":0.983,"c4":1.79,"d":-0.562},"penre":{"a1a3":193.0,"a4":7.75,"a5":18.5,"b1":null,"b2":0.193,"b3":null,"b4":null,"b5":null,"b6":null,"b7":null,"c1":null,"c2":1.42,"c3":1.02,"c4":1.85,"d":-0.631},"pere":{"a1a3":32.9,"a4":0.344,"a5":12.4,"b1":null,"b2":0.0166,"b3":null,"b4":null,"b5":null,"b6":null,"b7":null,"c1":null,"c2":0.0822,"c3":0.0687,"c4":0.234,"d":-0.183},"perm":{"a1a3":7.86,"a4":0.0,"a5":-8.37,"b1":null,"b2":0.0,"b3":null,"b4":null,"b5":null,"b6":null,"b7":null,"c1":null,"c2":0.0,"c3":0.0,"c4":0.0,"d":0.0},"pert":{"a1a3":40.8,"a4":0.344,"a5":5.09,"b1":null,"b2":0.0166,"b3":null,"b4":null,"b5":null,"b6":null,"b7":null,"c1":null,"c2":0.0822,"c3":0.0687,"c4":0.234,"d":-0.183},"penrt":{"a1a3":194.0,"a4":7.75,"a5":17.2,"b1":null,"b2":0.193,"b3":null,"b4":null,"b5":null,"b6":null,"b7":null,"c1":null,"c2":1.42,"c3":1.02,"c4":1.85,"d":-0.631},"penrm":{"a1a3":1.4,"a4":0.0,"a5":-1.49,"b1":null,"b2":0.0,"b3":null,"b4":null,"b5":null,"b6":null,"b7":null,"c1":null,"c2":0.0,"c3":0.0,"c4":0.0,"d":0.0},"sm":{"a1a3":1.53,"a4":0.0,"a5":0.184,"b1":null,"b2":0.0,"b3":null,"b4":null,"b5":null,"b6":null,"b7":null,"c1":null,"c2":0.0,"c3":0.0,"c4":0.0,"d":19.4},"rsf":{"a1a3":0.0,"a4":0.0,"a5":0.0,"b1":null,"b2":0.0,"b3":null,"b4":null,"b5":null,"b6":null,"b7":null,"c1":null,"c2":0.0,"c3":0.0,"c4":0.0,"d":0.0},"nrsf":{"a1a3":0.0,"a4":0.0,"a5":0.0,"b1":null,"b2":0.0,"b3":null,"b4":null,"b5":null,"b6":null,"b7":null,"c1":null,"c2":0.0,"c3":0.0,"c4":0.0,"d":0.0},"fw":{"a1a3":0.292,"a4":0.00058,"a5":0.0219,"b1":null,"b2":0.0000637,"b3":null,"b4":null,"b5":null,"b6":null,"b7":null,"c1":null,"c2":0.000139,"c3":0.00031,"c4":0.000466,"d":-0.000138},"hwd":{"a1a3":9.04e-7,"a4":3.16e-7,"a5":2e-7,"b1":null,"b2":1.34e-10,"b3":null,"b4":null,"b5":null,"b6":null,"b7":null,"c1":null,"c2":7.92e-8,"c3":3.3e-8,"c4":3.15e-8,"d":-1.36e-8},"nhwd":{"a1a3":0.352,"a4":0.000492,"a5":2.68,"b1":null,"b2":0.00507,"b3":null,"b4":null,"b5":null,"b6":null,"b7":null,"c1":null,"c2":0.000115,"c3":0.000217,"c4":8.59,"d":-0.809},"rwd":{"a1a3":0.00283,"a4":0.0000141,"a5":0.000197,"b1":null,"b2":4.78e-6,"b3":null,"b4":null,"b5":null,"b6":null,"b7":null,"c1":null,"c2":1.92e-6,"c3":0.0000157,"c4":0.0000248,"d":-0.0000274},"cru":{"a1a3":0.0,"a4":0.0,"a5":0.226,"b1":null,"b2":0.0,"b3":null,"b4":null,"b5":null,"b6":null,"b7":null,"c1":null,"c2":0.0,"c3":0.0,"c4":0.0,"d":0.0},"mfr":{"a1a3":2.08,"a4":0.0,"a5":0.229,"b1":null,"b2":0.0,"b3":null,"b4":null,"b5":null,"b6":null,"b7":null,"c1":null,"c2":0.0,"c3":20.0,"c4":0.0,"d":0.0},"mer":{"a1a3":0.0,"a4":0.0,"a5":0.0,"b1":null,"b2":0.0,"b3":null,"b4":null,"b5":null,"b6":null,"b7":null,"c1":null,"c2":0.0,"c3":0.0,"c4":0.0,"d":0.0},"eee":{"a1a3":0.0,"a4":0.0,"a5":0.603,"b1":null,"b2":0.0,"b3":null,"b4":null,"b5":null,"b6":null,"b7":null,"c1":null,"c2":0.0,"c3":0.0,"c4":0.0,"d":0.0},"eet":{"a1a3":0.0,"a4":0.0,"a5":0.851,"b1":null,"b2":0.0,"b3":null,"b4":null,"b5":null,"b6":null,"b7":null,"c1":null,"c2":0.0,"c3":0.0,"c4":0.0,"d":0.0},"meta_data":null}