{"id":"94e8fc0d-9111-4a36-8c8a-6fb20e6c26e4","name":"Air, wind and water barrier membranes and Vapor control layers: VAPOR IN 120","declared_unit":"M2","version":"1.1","published_date":1609459200,"valid_until":1767225600,"format_version":"1.1.5","source":null,"reference_service_life":null,"standard":"EN15804A2","comment":null,"location":"IT","subtype":"Specific","conversions":[],"gwp":{"a1a3":null,"a4":0.00549,"a5":0.0712,"b1":0.0,"b2":0.0,"b3":0.0,"b4":0.0,"b5":0.0,"b6":0.0,"b7":0.0,"c1":0.00148,"c2":0.0037,"c3":0.128,"c4":0.00626,"d":-0.0997},"odp":{"a1a3":null,"a4":0.0,"a5":0.0,"b1":0.0,"b2":0.0,"b3":0.0,"b4":0.0,"b5":0.0,"b6":0.0,"b7":0.0,"c1":0.0,"c2":0.0,"c3":0.0,"c4":0.0,"d":0.0},"ap":{"a1a3":null,"a4":0.000155,"a5":0.000134,"b1":0.0,"b2":0.0,"b3":0.0,"b4":0.0,"b5":0.0,"b6":0.0,"b7":0.0,"c1":3.05e-6,"c2":0.0000104,"c3":0.0000223,"c4":0.0000177,"d":-0.000154},"ep":null,"pocp":{"a1a3":null,"a4":0.000106,"a5":0.000161,"b1":0.0,"b2":0.0,"b3":0.0,"b4":0.0,"b5":0.0,"b6":0.0,"b7":0.0,"c1":3.88e-6,"c2":0.0000184,"c3":0.0000243,"c4":0.0000316,"d":-0.000224},"adpe":{"a1a3":null,"a4":3.74e-10,"a5":3.18e-8,"b1":0.0,"b2":0.0,"b3":0.0,"b4":0.0,"b5":0.0,"b6":0.0,"b7":0.0,"c1":8.52e-10,"c2":5.53e-10,"c3":2.95e-9,"c4":8.56e-10,"d":-1.69e-8},"adpf":{"a1a3":null,"a4":0.0833,"a5":2.29,"b1":0.0,"b2":0.0,"b3":0.0,"b4":0.0,"b5":0.0,"b6":0.0,"b7":0.0,"c1":0.0515,"c2":0.0968,"c3":0.248,"c4":0.183,"d":-3.73},"penre":{"a1a3":null,"a4":0.0684,"a5":0.848,"b1":0.0,"b2":0.0,"b3":0.0,"b4":0.0,"b5":0.0,"b6":0.0,"b7":0.0,"c1":0.0261,"c2":0.0491,"c3":1.66,"c4":0.0835,"d":-2.45},"pere":{"a1a3":null,"a4":0.00136,"a5":0.108,"b1":0.0,"b2":0.0,"b3":0.0,"b4":0.0,"b5":0.0,"b6":0.0,"b7":0.0,"c1":0.012,"c2":0.00273,"c3":0.0297,"c4":0.00599,"d":-0.266},"perm":{"a1a3":null,"a4":0.0,"a5":-0.00308,"b1":0.0,"b2":0.0,"b3":0.0,"b4":0.0,"b5":0.0,"b6":0.0,"b7":0.0,"c1":0.0,"c2":0.0,"c3":0.0,"c4":0.0,"d":0.0},"pert":null,"penrt":{"a1a3":null,"a4":0.0684,"a5":1.79,"b1":0.0,"b2":0.0,"b3":0.0,"b4":0.0,"b5":0.0,"b6":0.0,"b7":0.0,"c1":0.0261,"c2":0.0491,"c3":0.118,"c4":0.0835,"d":-2.45},"penrm":{"a1a3":null,"a4":0.0,"a5":0.943,"b1":0.0,"b2":0.0,"b3":0.0,"b4":0.0,"b5":0.0,"b6":0.0,"b7":0.0,"c1":0.0,"c2":0.0,"c3":-1.55,"c4":0.0,"d":0.0},"sm":{"a1a3":null,"a4":0.0,"a5":0.00011,"b1":0.0,"b2":0.0,"b3":0.0,"b4":0.0,"b5":0.0,"b6":0.0,"b7":0.0,"c1":0.0,"c2":0.0,"c3":0.0,"c4":0.0,"d":0.0},"rsf":{"a1a3":null,"a4":0.0,"a5":0.0,"b1":0.0,"b2":0.0,"b3":0.0,"b4":0.0,"b5":0.0,"b6":0.0,"b7":0.0,"c1":0.0,"c2":0.0,"c3":0.0,"c4":0.0,"d":0.0},"nrsf":{"a1a3":null,"a4":0.0,"a5":0.0,"b1":0.0,"b2":0.0,"b3":0.0,"b4":0.0,"b5":0.0,"b6":0.0,"b7":0.0,"c1":0.0,"c2":0.0,"c3":0.0,"c4":0.0,"d":0.0},"fw":{"a1a3":null,"a4":1.64e-6,"a5":0.000271,"b1":0.0,"b2":0.0,"b3":0.0,"b4":0.0,"b5":0.0,"b6":0.0,"b7":0.0,"c1":0.0000117,"c2":3.13e-6,"c3":0.000296,"c4":1.11e-6,"d":-0.000404},"hwd":{"a1a3":null,"a4":1e-12,"a5":4.06e-10,"b1":0.0,"b2":0.0,"b3":0.0,"b4":0.0,"b5":0.0,"b6":0.0,"b7":0.0,"c1":7e-12,"c2":2e-12,"c3":2.4e-11,"c4":1.5e-11,"d":-5e-10},"nhwd":{"a1a3":null,"a4":8.04e-6,"a5":0.00576,"b1":0.0,"b2":0.0,"b3":0.0,"b4":0.0,"b5":0.0,"b6":0.0,"b7":0.0,"c1":0.0000185,"c2":7.29e-6,"c3":0.00184,"c4":0.08,"d":-0.000726},"rwd":{"a1a3":null,"a4":9.07e-8,"a5":0.0000258,"b1":0.0,"b2":0.0,"b3":0.0,"b4":0.0,"b5":0.0,"b6":0.0,"b7":0.0,"c1":3.88e-6,"c2":5.93e-8,"c3":9.67e-6,"c4":9.44e-7,"d":-0.0000859},"cru":{"a1a3":null,"a4":0.0,"a5":0.0,"b1":0.0,"b2":0.0,"b3":0.0,"b4":0.0,"b5":0.0,"b6":0.0,"b7":0.0,"c1":0.0,"c2":0.0,"c3":0.0,"c4":0.0,"d":0.0},"mfr":{"a1a3":null,"a4":0.0,"a5":0.000547,"b1":0.0,"b2":0.0,"b3":0.0,"b4":0.0,"b5":0.0,"b6":0.0,"b7":0.0,"c1":0.0,"c2":0.0,"c3":0.0198,"c4":0.0,"d":0.0},"mer":{"a1a3":null,"a4":0.0,"a5":0.0,"b1":0.0,"b2":0.0,"b3":0.0,"b4":0.0,"b5":0.0,"b6":0.0,"b7":0.0,"c1":0.0,"c2":0.0,"c3":0.0,"c4":0.0,"d":0.0},"eee":{"a1a3":null,"a4":0.0,"a5":0.00801,"b1":0.0,"b2":0.0,"b3":0.0,"b4":0.0,"b5":0.0,"b6":0.0,"b7":0.0,"c1":0.0,"c2":0.0,"c3":0.245,"c4":0.0,"d":0.0},"eet":{"a1a3":null,"a4":0.0,"a5":0.00969,"b1":0.0,"b2":0.0,"b3":0.0,"b4":0.0,"b5":0.0,"b6":0.0,"b7":0.0,"c1":0.0,"c2":0.0,"c3":0.433,"c4":0.0,"d":0.0},"meta_data":null}