{"id":"9ba3d1db-84fb-4dec-b3b0-af8f3e762539","name":"Porcelain Stoneware Ceramic Tiles","declared_unit":"M2","version":"1.1","published_date":1514764800,"valid_until":1735689600,"format_version":"1.1.5","source":null,"reference_service_life":null,"standard":"EN15804A1","comment":null,"location":"GLO","subtype":"Generic","conversions":[{"value":17.47,"to":"KG","meta_data":"{\"name\":\"grammage\",\"value\":\"17.47\",\"unit\":\"kg/m^2\",\"unitDescription\":\"kilograms per square metre\"}"}],"gwp":{"a1a3":9.35,"a4":1.94,"a5":3.23,"b1":0.0,"b2":1.38,"b3":0.0,"b4":0.0,"b5":0.0,"b6":0.0,"b7":0.0,"c1":0.0,"c2":0.142,"c3":0.0597,"c4":0.0222,"d":-8.65},"odp":{"a1a3":1.17e-6,"a4":3.51e-7,"a5":1.06e-7,"b1":0.0,"b2":6.92e-8,"b3":0.0,"b4":0.0,"b5":0.0,"b6":0.0,"b7":0.0,"c1":0.0,"c2":2.6e-8,"c3":1.09e-8,"c4":8.69e-9,"d":-2.68e-7},"ap":{"a1a3":0.0197,"a4":0.00484,"a5":0.0114,"b1":0.0,"b2":0.00593,"b3":0.0,"b4":0.0,"b5":0.0,"b6":0.0,"b7":0.0,"c1":0.0,"c2":0.000195,"c3":0.0000819,"c4":0.0000944,"d":-0.0256},"ep":{"a1a3":0.0076,"a4":0.00121,"a5":0.00305,"b1":0.0,"b2":0.00531,"b3":0.0,"b4":0.0,"b5":0.0,"b6":0.0,"b7":0.0,"c1":0.0,"c2":0.000074,"c3":0.0000311,"c4":0.0000362,"d":-0.0102},"pocp":{"a1a3":0.00107,"a4":0.00021,"a5":0.00058,"b1":0.0,"b2":0.000686,"b3":0.0,"b4":0.0,"b5":0.0,"b6":0.0,"b7":0.0,"c1":0.0,"c2":9.84e-6,"c3":4.13e-6,"c4":1.92e-6,"d":-0.00171},"adpe":{"a1a3":0.0000253,"a4":1.07e-7,"a5":1.41e-6,"b1":0.0,"b2":0.0000138,"b3":0.0,"b4":0.0,"b5":0.0,"b6":0.0,"b7":0.0,"c1":0.0,"c2":8.12e-9,"c3":3.41e-9,"c4":5.92e-9,"d":-0.00114},"adpf":{"a1a3":124.0,"a4":22.6,"a5":17.1,"b1":0.0,"b2":15.2,"b3":0.0,"b4":0.0,"b5":0.0,"b6":0.0,"b7":0.0,"c1":0.0,"c2":1.67,"c3":0.701,"c4":0.175,"d":-296.0},"penre":{"a1a3":126.0,"a4":22.6,"a5":19.5,"b1":0.0,"b2":17.5,"b3":0.0,"b4":0.0,"b5":0.0,"b6":0.0,"b7":0.0,"c1":0.0,"c2":1.67,"c3":0.702,"c4":0.175,"d":-307.0},"pere":{"a1a3":3.63,"a4":0.0326,"a5":4.2,"b1":0.0,"b2":14.1,"b3":0.0,"b4":0.0,"b5":0.0,"b6":0.0,"b7":0.0,"c1":0.0,"c2":0.00241,"c3":0.00101,"c4":0.00207,"d":-17.7},"perm":{"a1a3":1.96,"a4":0.0,"a5":0.0,"b1":0.0,"b2":0.0,"b3":0.0,"b4":0.0,"b5":0.0,"b6":0.0,"b7":0.0,"c1":0.0,"c2":0.0,"c3":0.0,"c4":0.0,"d":0.0},"pert":{"a1a3":5.59,"a4":0.0326,"a5":4.2,"b1":0.0,"b2":14.1,"b3":0.0,"b4":0.0,"b5":0.0,"b6":0.0,"b7":0.0,"c1":0.0,"c2":0.00241,"c3":0.00101,"c4":0.00207,"d":-17.7},"penrt":{"a1a3":136.0,"a4":29.2,"a5":20.8,"b1":0.0,"b2":19.0,"b3":0.0,"b4":0.0,"b5":0.0,"b6":0.0,"b7":0.0,"c1":0.0,"c2":2.16,"c3":0.905,"c4":0.723,"d":-315.0},"penrm":{"a1a3":2.14,"a4":0.0,"a5":0.0,"b1":0.0,"b2":0.0,"b3":0.0,"b4":0.0,"b5":0.0,"b6":0.0,"b7":0.0,"c1":0.0,"c2":0.0,"c3":0.0,"c4":0.0,"d":0.0},"sm":{"a1a3":1.65,"a4":0.0,"a5":0.0,"b1":0.0,"b2":0.0,"b3":0.0,"b4":0.0,"b5":0.0,"b6":0.0,"b7":0.0,"c1":0.0,"c2":0.0,"c3":0.0,"c4":0.0,"d":0.0},"rsf":{"a1a3":0.0,"a4":0.0,"a5":0.0,"b1":0.0,"b2":0.0,"b3":0.0,"b4":0.0,"b5":0.0,"b6":0.0,"b7":0.0,"c1":0.0,"c2":0.0,"c3":0.0,"c4":0.0,"d":0.0},"nrsf":{"a1a3":0.0,"a4":0.0,"a5":0.0,"b1":0.0,"b2":0.0,"b3":0.0,"b4":0.0,"b5":0.0,"b6":0.0,"b7":0.0,"c1":0.0,"c2":0.0,"c3":0.0,"c4":0.0,"d":0.0},"fw":{"a1a3":0.108,"a4":0.0000373,"a5":0.0129,"b1":0.0,"b2":0.35,"b3":0.0,"b4":0.0,"b5":0.0,"b6":0.0,"b7":0.0,"c1":0.0,"c2":3.28e-6,"c3":1.38e-6,"c4":4.17e-6,"d":-0.123},"hwd":{"a1a3":0.0156,"a4":0.0,"a5":0.0,"b1":0.0,"b2":0.0,"b3":0.0,"b4":0.0,"b5":0.0,"b6":0.0,"b7":0.0,"c1":0.0,"c2":0.0,"c3":0.0,"c4":0.0,"d":0.0},"nhwd":{"a1a3":0.00148,"a4":0.0,"a5":0.0,"b1":0.0,"b2":0.0,"b3":0.0,"b4":0.0,"b5":0.0,"b6":0.0,"b7":0.0,"c1":0.0,"c2":0.0,"c3":0.0,"c4":5.24,"d":0.0},"rwd":{"a1a3":0.0,"a4":0.0,"a5":0.0,"b1":0.0,"b2":0.0,"b3":0.0,"b4":0.0,"b5":0.0,"b6":0.0,"b7":0.0,"c1":0.0,"c2":0.0,"c3":0.0,"c4":0.0,"d":0.0},"cru":{"a1a3":0.0,"a4":0.0,"a5":0.0,"b1":0.0,"b2":0.0,"b3":0.0,"b4":0.0,"b5":0.0,"b6":0.0,"b7":0.0,"c1":0.0,"c2":0.0,"c3":0.0,"c4":0.0,"d":0.0},"mfr":{"a1a3":0.817,"a4":0.0,"a5":1.43,"b1":0.0,"b2":0.00488,"b3":0.0,"b4":0.0,"b5":0.0,"b6":0.0,"b7":0.0,"c1":0.0,"c2":0.0,"c3":12.2,"c4":0.0,"d":0.0},"mer":{"a1a3":0.00273,"a4":0.0,"a5":0.0,"b1":0.0,"b2":0.0,"b3":0.0,"b4":0.0,"b5":0.0,"b6":0.0,"b7":0.0,"c1":0.0,"c2":0.0,"c3":0.0,"c4":0.0,"d":0.0},"eee":{"a1a3":0.212,"a4":0.0,"a5":0.0,"b1":0.0,"b2":0.0,"b3":0.0,"b4":0.0,"b5":0.0,"b6":0.0,"b7":0.0,"c1":0.0,"c2":0.0,"c3":0.0,"c4":0.0,"d":0.0},"eet":{"a1a3":0.0,"a4":0.0,"a5":0.0,"b1":0.0,"b2":0.0,"b3":0.0,"b4":0.0,"b5":0.0,"b6":0.0,"b7":0.0,"c1":0.0,"c2":0.0,"c3":0.0,"c4":0.0,"d":0.0},"meta_data":null}