{"id":"a2379215-5346-443f-88fa-8dee40e859d1","name":"Pexal® + Pexal® Brass","declared_unit":"M","version":"1.1","published_date":1546300800,"valid_until":1798761600,"format_version":"1.1.5","source":null,"reference_service_life":null,"standard":"EN15804A2","comment":null,"location":"GLO","subtype":"Generic","conversions":[],"gwp":{"a1a3":null,"a4":1.23,"a5":2.47,"b1":0.0,"b2":0.0,"b3":0.0,"b4":0.0,"b5":0.0,"b6":0.0,"b7":0.0,"c1":0.147,"c2":0.309,"c3":3.62,"c4":0.423,"d":-2.8},"odp":{"a1a3":null,"a4":2.08e-16,"a5":1.2e-14,"b1":0.0,"b2":0.0,"b3":0.0,"b4":0.0,"b5":0.0,"b6":0.0,"b7":0.0,"c1":3.49e-15,"c2":5.44e-17,"c3":4.7e-16,"c4":1.11e-15,"d":-1.68e-14},"ap":{"a1a3":null,"a4":0.00417,"a5":0.00429,"b1":0.0,"b2":0.0,"b3":0.0,"b4":0.0,"b5":0.0,"b6":0.0,"b7":0.0,"c1":0.000196,"c2":0.000251,"c3":0.000606,"c4":0.00116,"d":-0.00373},"ep":null,"pocp":{"a1a3":null,"a4":0.00417,"a5":0.00429,"b1":0.0,"b2":0.0,"b3":0.0,"b4":0.0,"b5":0.0,"b6":0.0,"b7":0.0,"c1":0.000196,"c2":0.000251,"c3":0.000606,"c4":0.00116,"d":-0.00373},"adpe":{"a1a3":null,"a4":16.5,"a5":34.0,"b1":0.0,"b2":0.0,"b3":0.0,"b4":0.0,"b5":0.0,"b6":0.0,"b7":0.0,"c1":2.59,"c2":4.18,"c3":0.758,"c4":5.99,"d":-43.7},"adpf":{"a1a3":null,"a4":5.52e-8,"a5":0.000043,"b1":0.0,"b2":0.0,"b3":0.0,"b4":0.0,"b5":0.0,"b6":0.0,"b7":0.0,"c1":4.29e-8,"c2":1.44e-8,"c3":7.13e-9,"c4":3.05e-8,"d":-2.99e-7},"penre":{"a1a3":null,"a4":16.5,"a5":33.1,"b1":0.0,"b2":0.0,"b3":0.0,"b4":0.0,"b5":0.0,"b6":0.0,"b7":0.0,"c1":2.6,"c2":4.19,"c3":40.3,"c4":5.99,"d":-43.8},"pere":{"a1a3":null,"a4":0.085,"a5":9.05,"b1":0.0,"b2":0.0,"b3":0.0,"b4":0.0,"b5":0.0,"b6":0.0,"b7":0.0,"c1":1.2,"c2":0.0223,"c3":0.145,"c4":0.492,"d":-6.3},"perm":{"a1a3":null,"a4":0.0,"a5":-0.00876,"b1":0.0,"b2":0.0,"b3":0.0,"b4":0.0,"b5":0.0,"b6":0.0,"b7":0.0,"c1":0.0,"c2":0.0,"c3":-0.000548,"c4":0.0,"d":0.0},"pert":{"a1a3":null,"a4":0.085,"a5":9.04,"b1":0.0,"b2":0.0,"b3":0.0,"b4":0.0,"b5":0.0,"b6":0.0,"b7":0.0,"c1":1.2,"c2":0.0223,"c3":0.145,"c4":0.492,"d":-6.3},"penrt":{"a1a3":null,"a4":16.5,"a5":34.1,"b1":0.0,"b2":0.0,"b3":0.0,"b4":0.0,"b5":0.0,"b6":0.0,"b7":0.0,"c1":2.6,"c2":4.19,"c3":0.758,"c4":5.99,"d":-43.8},"penrm":{"a1a3":null,"a4":0.0,"a5":0.972,"b1":0.0,"b2":0.0,"b3":0.0,"b4":0.0,"b5":0.0,"b6":0.0,"b7":0.0,"c1":0.0,"c2":0.0,"c3":-39.5,"c4":0.0,"d":0.0},"sm":{"a1a3":null,"a4":0.0,"a5":0.0534,"b1":0.0,"b2":0.0,"b3":0.0,"b4":0.0,"b5":0.0,"b6":0.0,"b7":0.0,"c1":0.0,"c2":0.0,"c3":0.0,"c4":0.0,"d":0.0},"rsf":{"a1a3":null,"a4":0.0,"a5":0.0,"b1":0.0,"b2":0.0,"b3":0.0,"b4":0.0,"b5":0.0,"b6":0.0,"b7":0.0,"c1":0.0,"c2":0.0,"c3":0.0,"c4":0.0,"d":0.0},"nrsf":{"a1a3":null,"a4":0.0,"a5":0.0,"b1":0.0,"b2":0.0,"b3":0.0,"b4":0.0,"b5":0.0,"b6":0.0,"b7":0.0,"c1":0.0,"c2":0.0,"c3":0.0,"c4":0.0,"d":0.0},"fw":{"a1a3":null,"a4":0.000123,"a5":0.0215,"b1":0.0,"b2":0.0,"b3":0.0,"b4":0.0,"b5":0.0,"b6":0.0,"b7":0.0,"c1":0.00116,"c2":0.000032,"c3":0.00846,"c4":0.000281,"d":-0.00789},"hwd":{"a1a3":null,"a4":1.56e-10,"a5":7.13e-8,"b1":0.0,"b2":0.0,"b3":0.0,"b4":0.0,"b5":0.0,"b6":0.0,"b7":0.0,"c1":6.86e-10,"c2":4.01e-11,"c3":1.38e-10,"c4":1.01e-9,"d":-7.61e-9},"nhwd":{"a1a3":null,"a4":0.00179,"a5":0.663,"b1":0.0,"b2":0.0,"b3":0.0,"b4":0.0,"b5":0.0,"b6":0.0,"b7":0.0,"c1":0.00184,"c2":0.000456,"c3":0.127,"c4":9.58,"d":-0.0267},"rwd":{"a1a3":null,"a4":0.0000264,"a5":0.00102,"b1":0.0,"b2":0.0,"b3":0.0,"b4":0.0,"b5":0.0,"b6":0.0,"b7":0.0,"c1":0.000386,"c2":6.88e-6,"c3":0.0000366,"c4":0.0000678,"d":-0.00216},"cru":{"a1a3":null,"a4":0.0,"a5":0.0,"b1":0.0,"b2":0.0,"b3":0.0,"b4":0.0,"b5":0.0,"b6":0.0,"b7":0.0,"c1":0.0,"c2":0.0,"c3":0.0,"c4":0.0,"d":0.0},"mfr":{"a1a3":null,"a4":0.0,"a5":0.153,"b1":0.0,"b2":0.0,"b3":0.0,"b4":0.0,"b5":0.0,"b6":0.0,"b7":0.0,"c1":0.0,"c2":0.0,"c3":2.08,"c4":0.0,"d":0.0},"mer":{"a1a3":null,"a4":0.0,"a5":0.0,"b1":0.0,"b2":0.0,"b3":0.0,"b4":0.0,"b5":0.0,"b6":0.0,"b7":0.0,"c1":0.0,"c2":0.0,"c3":0.0,"c4":0.0,"d":0.0},"eee":{"a1a3":null,"a4":0.0,"a5":0.682,"b1":0.0,"b2":0.0,"b3":0.0,"b4":0.0,"b5":0.0,"b6":0.0,"b7":0.0,"c1":0.0,"c2":0.0,"c3":6.88,"c4":0.0,"d":0.0},"eet":{"a1a3":null,"a4":0.0,"a5":1.21,"b1":0.0,"b2":0.0,"b3":0.0,"b4":0.0,"b5":0.0,"b6":0.0,"b7":0.0,"c1":0.0,"c2":0.0,"c3":12.4,"c4":0.0,"d":0.0},"meta_data":null}