{"id":"a24820fa-9561-41f6-b33f-2c946b0b7be3","name":"Air, wind and water barrier membranes and Vapor control layers: TRASPIR EVO UV 210","declared_unit":"M2","version":"1.1","published_date":1609459200,"valid_until":1767225600,"format_version":"1.1.5","source":null,"reference_service_life":null,"standard":"EN15804A2","comment":null,"location":"IT","subtype":"Specific","conversions":[],"gwp":{"a1a3":null,"a4":0.0371,"a5":0.177,"b1":0.0,"b2":0.0,"b3":0.0,"b4":0.0,"b5":0.0,"b6":0.0,"b7":0.0,"c1":0.00273,"c2":0.00683,"c3":0.114,"c4":0.0158,"d":-0.0963},"odp":{"a1a3":null,"a4":0.0,"a5":0.0,"b1":0.0,"b2":0.0,"b3":0.0,"b4":0.0,"b5":0.0,"b6":0.0,"b7":0.0,"c1":0.0,"c2":0.0,"c3":0.0,"c4":0.0,"d":0.0},"ap":{"a1a3":null,"a4":0.000425,"a5":0.00198,"b1":0.0,"b2":0.0,"b3":0.0,"b4":0.0,"b5":0.0,"b6":0.0,"b7":0.0,"c1":5.64e-6,"c2":0.0000192,"c3":0.0000408,"c4":0.0000412,"d":-0.00012},"ep":null,"pocp":{"a1a3":null,"a4":0.000322,"a5":0.000401,"b1":0.0,"b2":0.0,"b3":0.0,"b4":0.0,"b5":0.0,"b6":0.0,"b7":0.0,"c1":3.63e-6,"c2":0.0000172,"c3":0.000036,"c4":0.0000423,"d":-0.000107},"adpe":{"a1a3":null,"a4":2.77e-9,"a5":0.00262,"b1":0.0,"b2":0.0,"b3":0.0,"b4":0.0,"b5":0.0,"b6":0.0,"b7":0.0,"c1":7.97e-10,"c2":5.18e-10,"c3":2.22e-9,"c4":6.96e-10,"d":-1.44e-8},"adpf":{"a1a3":null,"a4":0.481,"a5":3.13,"b1":0.0,"b2":0.0,"b3":0.0,"b4":0.0,"b5":0.0,"b6":0.0,"b7":0.0,"c1":0.0482,"c2":0.0905,"c3":0.201,"c4":0.146,"d":-2.04},"penre":{"a1a3":null,"a4":0.483,"a5":2.17,"b1":0.0,"b2":0.0,"b3":0.0,"b4":0.0,"b5":0.0,"b6":0.0,"b7":0.0,"c1":0.0482,"c2":0.0907,"c3":1.28,"c4":0.146,"d":-2.04},"pere":{"a1a3":null,"a4":0.0221,"a5":0.186,"b1":0.0,"b2":0.0,"b3":0.0,"b4":0.0,"b5":0.0,"b6":0.0,"b7":0.0,"c1":0.0222,"c2":0.00505,"c3":0.054,"c4":0.0108,"d":-0.239},"perm":{"a1a3":null,"a4":0.0,"a5":0.00502,"b1":0.0,"b2":0.0,"b3":0.0,"b4":0.0,"b5":0.0,"b6":0.0,"b7":0.0,"c1":0.0,"c2":0.0,"c3":0.0,"c4":0.0,"d":0.0},"pert":null,"penrt":{"a1a3":null,"a4":0.483,"a5":3.14,"b1":0.0,"b2":0.0,"b3":0.0,"b4":0.0,"b5":0.0,"b6":0.0,"b7":0.0,"c1":0.0482,"c2":0.0907,"c3":0.201,"c4":0.146,"d":-2.04},"penrm":{"a1a3":null,"a4":0.0,"a5":0.978,"b1":0.0,"b2":0.0,"b3":0.0,"b4":0.0,"b5":0.0,"b6":0.0,"b7":0.0,"c1":0.0,"c2":0.0,"c3":-1.08,"c4":0.0,"d":0.0},"sm":{"a1a3":null,"a4":0.0,"a5":0.000385,"b1":0.0,"b2":0.0,"b3":0.0,"b4":0.0,"b5":0.0,"b6":0.0,"b7":0.0,"c1":0.0,"c2":0.0,"c3":0.0,"c4":0.0,"d":0.0},"rsf":{"a1a3":null,"a4":0.0,"a5":0.0,"b1":0.0,"b2":0.0,"b3":0.0,"b4":0.0,"b5":0.0,"b6":0.0,"b7":0.0,"c1":0.0,"c2":0.0,"c3":0.0,"c4":0.0,"d":0.0},"nrsf":{"a1a3":null,"a4":0.0,"a5":0.0,"b1":0.0,"b2":0.0,"b3":0.0,"b4":0.0,"b5":0.0,"b6":0.0,"b7":0.0,"c1":0.0,"c2":0.0,"c3":0.0,"c4":0.0,"d":0.0},"fw":{"a1a3":null,"a4":0.0000254,"a5":0.00071,"b1":0.0,"b2":0.0,"b3":0.0,"b4":0.0,"b5":0.0,"b6":0.0,"b7":0.0,"c1":0.0000216,"c2":5.78e-6,"c3":0.000301,"c4":0.0000108,"d":-0.000536},"hwd":{"a1a3":null,"a4":2.1e-11,"a5":1.46e-9,"b1":0.0,"b2":0.0,"b3":0.0,"b4":0.0,"b5":0.0,"b6":0.0,"b7":0.0,"c1":1.3e-11,"c2":5e-12,"c3":4.5e-11,"c4":2.6e-11,"d":-5.64e-10},"nhwd":{"a1a3":null,"a4":0.0000698,"a5":0.032,"b1":0.0,"b2":0.0,"b3":0.0,"b4":0.0,"b5":0.0,"b6":0.0,"b7":0.0,"c1":0.0000342,"c2":0.0000135,"c3":0.00662,"c4":0.142,"d":-0.000847},"rwd":{"a1a3":null,"a4":8.03e-7,"a5":0.0000489,"b1":0.0,"b2":0.0,"b3":0.0,"b4":0.0,"b5":0.0,"b6":0.0,"b7":0.0,"c1":7.18e-6,"c2":1.1e-7,"c3":0.0000168,"c4":1.72e-6,"d":-0.000063},"cru":{"a1a3":null,"a4":0.0,"a5":0.0,"b1":0.0,"b2":0.0,"b3":0.0,"b4":0.0,"b5":0.0,"b6":0.0,"b7":0.0,"c1":0.0,"c2":0.0,"c3":0.0,"c4":0.0,"d":0.0},"mfr":{"a1a3":null,"a4":0.0,"a5":0.00134,"b1":0.0,"b2":0.0,"b3":0.0,"b4":0.0,"b5":0.0,"b6":0.0,"b7":0.0,"c1":0.0,"c2":0.0,"c3":0.0355,"c4":0.0,"d":0.0},"mer":{"a1a3":null,"a4":0.0,"a5":0.0,"b1":0.0,"b2":0.0,"b3":0.0,"b4":0.0,"b5":0.0,"b6":0.0,"b7":0.0,"c1":0.0,"c2":0.0,"c3":0.0,"c4":0.0,"d":0.0},"eee":{"a1a3":null,"a4":0.0,"a5":0.0257,"b1":0.0,"b2":0.0,"b3":0.0,"b4":0.0,"b5":0.0,"b6":0.0,"b7":0.0,"c1":0.0,"c2":0.0,"c3":0.147,"c4":0.0,"d":0.0},"eet":{"a1a3":null,"a4":0.0,"a5":0.0314,"b1":0.0,"b2":0.0,"b3":0.0,"b4":0.0,"b5":0.0,"b6":0.0,"b7":0.0,"c1":0.0,"c2":0.0,"c3":0.217,"c4":0.0,"d":0.0},"meta_data":null}