{"id":"a5b30dbe-9b5b-4b73-b28f-86c7a10e6242","name":"CERAMIC TILES - Ubersetto","declared_unit":"M2","version":"1.1","published_date":1483228800,"valid_until":1704067200,"format_version":"1.1.5","source":null,"reference_service_life":null,"standard":"EN15804A1","comment":null,"location":"GLO","subtype":"Generic","conversions":[{"value":16.26,"to":"KG","meta_data":"{\"name\":\"grammage\",\"value\":\"16.26\",\"unit\":\"kg/m^2\",\"unitDescription\":\"kilograms per square metre\"}"}],"gwp":{"a1a3":8.15,"a4":0.39,"a5":1.68,"b1":null,"b2":0.0333,"b3":null,"b4":null,"b5":null,"b6":null,"b7":null,"c1":null,"c2":0.0717,"c3":0.0353,"c4":0.0953,"d":-0.139},"odp":{"a1a3":1.03e-11,"a4":1.46e-14,"a5":6.24e-12,"b1":null,"b2":6.69e-15,"b3":null,"b4":null,"b5":null,"b6":null,"b7":null,"c1":null,"c2":1.97e-15,"c3":1.59e-14,"c4":2.16e-14,"d":-1.23e-12},"ap":{"a1a3":0.0216,"a4":0.00265,"a5":0.00305,"b1":null,"b2":0.0000364,"b3":null,"b4":null,"b5":null,"b6":null,"b7":null,"c1":null,"c2":0.000309,"c3":0.000252,"c4":0.000564,"d":-0.000537},"ep":{"a1a3":0.00235,"a4":0.000303,"a5":0.000586,"b1":null,"b2":0.0000401,"b3":null,"b4":null,"b5":null,"b6":null,"b7":null,"c1":null,"c2":0.0000791,"c3":0.0000606,"c4":0.0000778,"d":-0.0000954},"pocp":{"a1a3":0.00118,"a4":0.000132,"a5":0.000223,"b1":null,"b2":3.54e-6,"b3":null,"b4":null,"b5":null,"b6":null,"b7":null,"c1":null,"c2":-0.000129,"c3":0.0000275,"c4":0.0000438,"d":-0.0000555},"adpe":{"a1a3":0.00205,"a4":2.96e-8,"a5":0.000136,"b1":null,"b2":1.28e-9,"b3":null,"b4":null,"b5":null,"b6":null,"b7":null,"c1":null,"c2":5.92e-9,"c3":4.66e-8,"c4":3.66e-8,"d":-8.91e-8},"adpf":{"a1a3":136.0,"a4":5.19,"a5":15.4,"b1":null,"b2":0.184,"b3":null,"b4":null,"b5":null,"b6":null,"b7":null,"c1":null,"c2":0.981,"c3":0.686,"c4":1.23,"d":-3.3},"penre":{"a1a3":141.0,"a4":5.22,"a5":17.0,"b1":null,"b2":0.197,"b3":null,"b4":null,"b5":null,"b6":null,"b7":null,"c1":null,"c2":0.984,"c3":0.713,"c4":1.28,"d":-3.96},"pere":{"a1a3":32.9,"a4":0.224,"a5":18.8,"b1":null,"b2":0.0156,"b3":null,"b4":null,"b5":null,"b6":null,"b7":null,"c1":null,"c2":0.0543,"c3":0.0479,"c4":0.158,"d":-3.05},"perm":{"a1a3":10.1,"a4":0.0,"a5":-10.8,"b1":null,"b2":0.0,"b3":null,"b4":null,"b5":null,"b6":null,"b7":null,"c1":null,"c2":0.0,"c3":0.0,"c4":0.0,"d":0.0},"pert":{"a1a3":43.1,"a4":0.224,"a5":9.31,"b1":null,"b2":0.0156,"b3":null,"b4":null,"b5":null,"b6":null,"b7":null,"c1":null,"c2":0.0543,"c3":0.0479,"c4":0.158,"d":-3.05},"penrt":{"a1a3":141.0,"a4":5.22,"a5":16.3,"b1":null,"b2":0.197,"b3":null,"b4":null,"b5":null,"b6":null,"b7":null,"c1":null,"c2":0.984,"c3":0.713,"c4":1.28,"d":-3.96},"penrm":{"a1a3":0.684,"a4":0.0,"a5":-0.728,"b1":null,"b2":0.0,"b3":null,"b4":null,"b5":null,"b6":null,"b7":null,"c1":null,"c2":0.0,"c3":0.0,"c4":0.0,"d":0.0},"sm":{"a1a3":1.87,"a4":0.0,"a5":0.122,"b1":null,"b2":0.0,"b3":null,"b4":null,"b5":null,"b6":null,"b7":null,"c1":null,"c2":0.0,"c3":0.0,"c4":0.0,"d":12.0},"rsf":{"a1a3":0.0,"a4":0.0,"a5":0.0,"b1":null,"b2":0.0,"b3":null,"b4":null,"b5":null,"b6":null,"b7":null,"c1":null,"c2":0.0,"c3":0.0,"c4":0.0,"d":0.0},"nrsf":{"a1a3":0.0,"a4":0.0,"a5":0.0,"b1":null,"b2":0.0,"b3":null,"b4":null,"b5":null,"b6":null,"b7":null,"c1":null,"c2":0.0,"c3":0.0,"c4":0.0,"d":0.0},"fw":{"a1a3":0.367,"a4":0.000414,"a5":0.0281,"b1":null,"b2":0.000263,"b3":null,"b4":null,"b5":null,"b6":null,"b7":null,"c1":null,"c2":0.0001,"c3":0.000216,"c4":0.000244,"d":-0.00115},"hwd":{"a1a3":6.74e-7,"a4":2.24e-7,"a5":1.94e-7,"b1":null,"b2":2.34e-10,"b3":null,"b4":null,"b5":null,"b6":null,"b7":null,"c1":null,"c2":5.69e-8,"c3":2.3e-8,"c4":2.2e-8,"d":-3.65e-8},"nhwd":{"a1a3":0.379,"a4":0.000347,"a5":1.24,"b1":null,"b2":0.00901,"b3":null,"b4":null,"b5":null,"b6":null,"b7":null,"c1":null,"c2":0.0000824,"c3":15100.0,"c4":5.99,"d":-0.567},"rwd":{"a1a3":0.00252,"a4":0.00001,"a5":0.000381,"b1":null,"b2":4.95e-6,"b3":null,"b4":null,"b5":null,"b6":null,"b7":null,"c1":null,"c2":1.35e-6,"c3":0.0000109,"c4":0.0000185,"d":-0.000261},"cru":{"a1a3":0.0,"a4":0.0,"a5":0.161,"b1":null,"b2":0.0,"b3":null,"b4":null,"b5":null,"b6":null,"b7":null,"c1":null,"c2":0.0,"c3":0.0,"c4":0.0,"d":0.0},"mfr":{"a1a3":10.3,"a4":0.0,"a5":0.994,"b1":null,"b2":0.0,"b3":null,"b4":null,"b5":null,"b6":null,"b7":null,"c1":null,"c2":0.0,"c3":14.0,"c4":0.0,"d":0.0},"mer":{"a1a3":0.0,"a4":0.0,"a5":0.0,"b1":null,"b2":0.0,"b3":null,"b4":null,"b5":null,"b6":null,"b7":null,"c1":null,"c2":0.0,"c3":0.0,"c4":0.0,"d":0.0},"eee":{"a1a3":0.0,"a4":0.0,"a5":0.568,"b1":null,"b2":0.0,"b3":null,"b4":null,"b5":null,"b6":null,"b7":null,"c1":null,"c2":0.0,"c3":0.0,"c4":0.0,"d":0.0},"eet":{"a1a3":0.0,"a4":0.0,"a5":0.833,"b1":null,"b2":0.0,"b3":null,"b4":null,"b5":null,"b6":null,"b7":null,"c1":null,"c2":0.0,"c3":0.0,"c4":0.0,"d":0.0},"meta_data":null}