{"id":"aea0381d-ca2f-4c34-9e83-811bc735de8d","name":"Extreme section – PVC window 1,23m x 1,48m: PVC Aluminium sheet - Triple Glazing","declared_unit":"M2","version":"1.1","published_date":1672531200,"valid_until":1735689600,"format_version":"1.1.5","source":null,"reference_service_life":null,"standard":"EN15804A2","comment":null,"location":"FR","subtype":"Specific","conversions":[],"gwp":{"a1a3":null,"a4":0.691394567,"a5":3.478924847,"b1":null,"b2":0.214413903,"b3":null,"b4":null,"b5":null,"b6":null,"b7":null,"c1":0.003686541,"c2":0.684002596,"c3":6.124732222,"c4":3.24074654,"d":-27.6320399},"odp":{"a1a3":null,"a4":1.59e-7,"a5":1.41e-7,"b1":null,"b2":1.25e-7,"b3":null,"b4":null,"b5":null,"b6":null,"b7":null,"c1":4.91e-10,"c2":1.58e-7,"c3":4.75e-7,"c4":5.18e-8,"d":-6.41e-6},"ap":{"a1a3":null,"a4":0.002123344,"a5":0.007030624,"b1":null,"b2":0.001554479,"b3":null,"b4":null,"b5":null,"b6":null,"b7":null,"c1":0.0000137,"c2":0.001935505,"c3":0.01099678,"c4":0.00130061,"d":-0.153371294},"ep":null,"pocp":{"a1a3":null,"a4":0.001882261,"a5":0.006577158,"b1":null,"b2":0.004286951,"b3":null,"b4":null,"b5":null,"b6":null,"b7":null,"c1":7.03e-6,"c2":0.001648378,"c3":0.011478505,"c4":0.002107574,"d":-0.076464416},"adpe":{"a1a3":null,"a4":2.64e-6,"a5":0.000014,"b1":null,"b2":3.19e-6,"b3":null,"b4":null,"b5":null,"b6":null,"b7":null,"c1":4.28e-9,"c2":2.46e-6,"c3":6.04e-6,"c4":4.57e-7,"d":0.0000552},"adpf":{"a1a3":null,"a4":10.21549811,"a5":19.16649561,"b1":null,"b2":9.860870712,"b3":null,"b4":null,"b5":null,"b6":null,"b7":null,"c1":0.047115536,"c2":10.14087636,"c3":32.2136952,"c4":3.589869658,"d":-453.311787},"penre":{"a1a3":null,"a4":0.0,"a5":0.0,"b1":null,"b2":0.0,"b3":null,"b4":null,"b5":null,"b6":null,"b7":null,"c1":0.0,"c2":0.0,"c3":0.0,"c4":0.0,"d":0.0},"pere":{"a1a3":null,"a4":0.0,"a5":0.0,"b1":null,"b2":0.0,"b3":null,"b4":null,"b5":null,"b6":null,"b7":null,"c1":0.0,"c2":0.0,"c3":0.0,"c4":0.0,"d":0.0},"perm":{"a1a3":null,"a4":0.0,"a5":0.0,"b1":null,"b2":0.0,"b3":null,"b4":null,"b5":null,"b6":null,"b7":null,"c1":0.0,"c2":0.0,"c3":0.0,"c4":0.0,"d":0.0},"pert":null,"penrt":{"a1a3":null,"a4":0.0,"a5":0.0,"b1":null,"b2":0.0,"b3":null,"b4":null,"b5":null,"b6":null,"b7":null,"c1":0.0,"c2":0.0,"c3":0.0,"c4":0.0,"d":0.0},"penrm":{"a1a3":null,"a4":0.0,"a5":0.0,"b1":null,"b2":0.0,"b3":null,"b4":null,"b5":null,"b6":null,"b7":null,"c1":0.0,"c2":0.0,"c3":0.0,"c4":0.0,"d":0.0},"sm":{"a1a3":null,"a4":0.00362945,"a5":0.203607911,"b1":null,"b2":0.001895862,"b3":null,"b4":null,"b5":null,"b6":null,"b7":null,"c1":3.99e-6,"c2":0.003452009,"c3":0.011112276,"c4":0.001375119,"d":-4.246898827},"rsf":{"a1a3":null,"a4":0.0000404,"a5":0.00241285,"b1":null,"b2":0.000132228,"b3":null,"b4":null,"b5":null,"b6":null,"b7":null,"c1":3.42e-8,"c2":0.000038,"c3":0.000111401,"c4":0.0000394,"d":-0.002135757},"nrsf":{"a1a3":null,"a4":0.0,"a5":0.0,"b1":null,"b2":0.0,"b3":null,"b4":null,"b5":null,"b6":null,"b7":null,"c1":0.0,"c2":0.0,"c3":0.0,"c4":0.0,"d":0.0},"fw":{"a1a3":null,"a4":0.0,"a5":0.0,"b1":null,"b2":0.0,"b3":null,"b4":null,"b5":null,"b6":null,"b7":null,"c1":0.0,"c2":0.0,"c3":0.0,"c4":0.0,"d":0.0},"hwd":{"a1a3":null,"a4":0.0,"a5":0.0,"b1":null,"b2":0.0,"b3":null,"b4":null,"b5":null,"b6":null,"b7":null,"c1":0.0,"c2":0.0,"c3":0.0,"c4":0.0,"d":0.0},"nhwd":{"a1a3":null,"a4":0.0,"a5":0.0,"b1":null,"b2":0.0,"b3":null,"b4":null,"b5":null,"b6":null,"b7":null,"c1":0.0,"c2":0.0,"c3":0.0,"c4":0.0,"d":0.0},"rwd":{"a1a3":null,"a4":0.0,"a5":0.0,"b1":null,"b2":0.0,"b3":null,"b4":null,"b5":null,"b6":null,"b7":null,"c1":0.0,"c2":0.0,"c3":0.0,"c4":0.0,"d":0.0},"cru":{"a1a3":null,"a4":0.0,"a5":0.0,"b1":null,"b2":0.0,"b3":null,"b4":null,"b5":null,"b6":null,"b7":null,"c1":0.0,"c2":0.0,"c3":0.0,"c4":0.0,"d":0.0},"mfr":{"a1a3":null,"a4":0.0,"a5":0.0,"b1":null,"b2":0.0,"b3":null,"b4":null,"b5":null,"b6":null,"b7":null,"c1":0.0,"c2":0.0,"c3":0.0,"c4":0.0,"d":0.0},"mer":{"a1a3":null,"a4":2.62e-7,"a5":3.63e-6,"b1":null,"b2":3.56e-7,"b3":null,"b4":null,"b5":null,"b6":null,"b7":null,"c1":4.11e-10,"c2":2.55e-7,"c3":7.47e-7,"c4":8.33e-8,"d":-0.0000234},"eee":{"a1a3":null,"a4":0.002264342,"a5":0.174492422,"b1":null,"b2":0.003460819,"b3":null,"b4":null,"b5":null,"b6":null,"b7":null,"c1":0.000108636,"c2":0.00220814,"c3":4.300865285,"c4":0.004299725,"d":-0.204809969},"eet":{"a1a3":null,"a4":0.0,"a5":0.0,"b1":null,"b2":0.0,"b3":null,"b4":null,"b5":null,"b6":null,"b7":null,"c1":0.0,"c2":0.0,"c3":0.0,"c4":0.0,"d":0.0},"meta_data":null}