{"id":"b2b563b4-85c3-48b7-b1e5-80a34476ca53","name":"Triplus®","declared_unit":"M","version":"1.1","published_date":1546300800,"valid_until":1767225600,"format_version":"1.1.5","source":null,"reference_service_life":null,"standard":"EN15804A2","comment":null,"location":"GLO","subtype":"Generic","conversions":[],"gwp":{"a1a3":null,"a4":2.75,"a5":8.59,"b1":0.0,"b2":0.0,"b3":0.0,"b4":0.0,"b5":0.0,"b6":0.0,"b7":0.0,"c1":0.284,"c2":0.746,"c3":9.63,"c4":1.33,"d":-5.8},"odp":{"a1a3":null,"a4":4.19e-16,"a5":1.57e-14,"b1":0.0,"b2":0.0,"b3":0.0,"b4":0.0,"b5":0.0,"b6":0.0,"b7":0.0,"c1":6.74e-15,"c2":1.31e-16,"c3":4.4e-15,"c4":3.3e-15,"d":-5.27e-14},"ap":{"a1a3":null,"a4":0.0256,"a5":0.00537,"b1":0.0,"b2":0.0,"b3":0.0,"b4":0.0,"b5":0.0,"b6":0.0,"b7":0.0,"c1":0.000377,"c2":0.000601,"c3":0.00201,"c4":0.00312,"d":-0.00693},"ep":null,"pocp":{"a1a3":null,"a4":0.0256,"a5":0.00537,"b1":0.0,"b2":0.0,"b3":0.0,"b4":0.0,"b5":0.0,"b6":0.0,"b7":0.0,"c1":0.000377,"c2":0.000601,"c3":0.00201,"c4":0.00312,"d":-0.00693},"adpe":{"a1a3":null,"a4":1.13e-7,"a5":0.0000182,"b1":0.0,"b2":0.0,"b3":0.0,"b4":0.0,"b5":0.0,"b6":0.0,"b7":0.0,"c1":8.28e-8,"c2":3.46e-8,"c3":1.66e-7,"c4":8.65e-8,"d":-8.63e-7},"adpf":{"a1a3":null,"a4":35.9,"a5":44.6,"b1":0.0,"b2":0.0,"b3":0.0,"b4":0.0,"b5":0.0,"b6":0.0,"b7":0.0,"c1":5.01,"c2":10.1,"c3":11.2,"c4":16.6,"d":-118.0},"penre":{"a1a3":null,"a4":36.0,"a5":33.1,"b1":0.0,"b2":0.0,"b3":0.0,"b4":0.0,"b5":0.0,"b6":0.0,"b7":0.0,"c1":5.01,"c2":10.1,"c3":222.0,"c4":16.6,"d":-118.0},"pere":{"a1a3":null,"a4":0.171,"a5":11.8,"b1":0.0,"b2":0.0,"b3":0.0,"b4":0.0,"b5":0.0,"b6":0.0,"b7":0.0,"c1":2.31,"c2":0.0536,"c3":1.81,"c4":1.36,"d":-18.1},"perm":{"a1a3":null,"a4":0.0,"a5":-4.59,"b1":0.0,"b2":0.0,"b3":0.0,"b4":0.0,"b5":0.0,"b6":0.0,"b7":0.0,"c1":0.0,"c2":0.0,"c3":0.0,"c4":0.0,"d":0.0},"pert":{"a1a3":null,"a4":0.171,"a5":7.25,"b1":0.0,"b2":0.0,"b3":0.0,"b4":0.0,"b5":0.0,"b6":0.0,"b7":0.0,"c1":2.31,"c2":0.0536,"c3":1.81,"c4":1.36,"d":-18.1},"penrt":{"a1a3":null,"a4":36.0,"a5":44.7,"b1":0.0,"b2":0.0,"b3":0.0,"b4":0.0,"b5":0.0,"b6":0.0,"b7":0.0,"c1":5.01,"c2":10.1,"c3":11.2,"c4":16.6,"d":-118.0},"penrm":{"a1a3":null,"a4":0.0,"a5":11.6,"b1":0.0,"b2":0.0,"b3":0.0,"b4":0.0,"b5":0.0,"b6":0.0,"b7":0.0,"c1":0.0,"c2":0.0,"c3":-111.0,"c4":0.0,"d":0.0},"sm":{"a1a3":null,"a4":0.0,"a5":0.0246,"b1":0.0,"b2":0.0,"b3":0.0,"b4":0.0,"b5":0.0,"b6":0.0,"b7":0.0,"c1":0.0,"c2":0.0,"c3":0.0,"c4":0.0,"d":0.0},"rsf":{"a1a3":null,"a4":0.0,"a5":0.0,"b1":0.0,"b2":0.0,"b3":0.0,"b4":0.0,"b5":0.0,"b6":0.0,"b7":0.0,"c1":0.0,"c2":0.0,"c3":0.0,"c4":0.0,"d":0.0},"nrsf":{"a1a3":null,"a4":0.0,"a5":0.0,"b1":0.0,"b2":0.0,"b3":0.0,"b4":0.0,"b5":0.0,"b6":0.0,"b7":0.0,"c1":0.0,"c2":0.0,"c3":0.0,"c4":0.0,"d":0.0},"fw":{"a1a3":null,"a4":0.000253,"a5":0.0147,"b1":0.0,"b2":0.0,"b3":0.0,"b4":0.0,"b5":0.0,"b6":0.0,"b7":0.0,"c1":0.00225,"c2":0.0000773,"c3":0.0242,"c4":0.000569,"d":-0.0212},"hwd":{"a1a3":null,"a4":3.25e-10,"a5":1.01e-7,"b1":0.0,"b2":0.0,"b3":0.0,"b4":0.0,"b5":0.0,"b6":0.0,"b7":0.0,"c1":1.32e-9,"c2":9.67e-11,"c3":1.26e-9,"c4":2.95e-9,"d":-2.46e-8},"nhwd":{"a1a3":null,"a4":0.00383,"a5":1.77,"b1":0.0,"b2":0.0,"b3":0.0,"b4":0.0,"b5":0.0,"b6":0.0,"b7":0.0,"c1":0.00355,"c2":0.0011,"c3":0.715,"c4":20.3,"d":-0.0436},"rwd":{"a1a3":null,"a4":0.0000535,"a5":0.000827,"b1":0.0,"b2":0.0,"b3":0.0,"b4":0.0,"b5":0.0,"b6":0.0,"b7":0.0,"c1":0.000745,"c2":0.0000166,"c3":0.000675,"c4":0.000198,"d":-0.00579},"cru":{"a1a3":null,"a4":0.0,"a5":0.0,"b1":0.0,"b2":0.0,"b3":0.0,"b4":0.0,"b5":0.0,"b6":0.0,"b7":0.0,"c1":0.0,"c2":0.0,"c3":0.0,"c4":0.0,"d":0.0},"mfr":{"a1a3":null,"a4":0.0,"a5":0.779,"b1":0.0,"b2":0.0,"b3":0.0,"b4":0.0,"b5":0.0,"b6":0.0,"b7":0.0,"c1":0.0,"c2":0.0,"c3":1.27,"c4":0.0,"d":0.0},"mer":{"a1a3":null,"a4":0.0,"a5":0.0,"b1":0.0,"b2":0.0,"b3":0.0,"b4":0.0,"b5":0.0,"b6":0.0,"b7":0.0,"c1":0.0,"c2":0.0,"c3":0.0,"c4":0.0,"d":0.0},"eee":{"a1a3":null,"a4":0.0,"a5":1.78,"b1":0.0,"b2":0.0,"b3":0.0,"b4":0.0,"b5":0.0,"b6":0.0,"b7":0.0,"c1":0.0,"c2":0.0,"c3":16.9,"c4":0.0,"d":0.0},"eet":{"a1a3":null,"a4":0.0,"a5":1.99,"b1":0.0,"b2":0.0,"b3":0.0,"b4":0.0,"b5":0.0,"b6":0.0,"b7":0.0,"c1":0.0,"c2":0.0,"c3":32.9,"c4":0.0,"d":0.0},"meta_data":null}