{"id":"b4e9eb25-9deb-40be-a4f0-25e2124ca4c3","name":"Porcelain stoneware ceramic tiles and slabs0038","declared_unit":"M2","version":"1.1","published_date":1451606400,"valid_until":1672531200,"format_version":"1.1.5","source":null,"reference_service_life":null,"standard":"EN15804A1","comment":null,"location":"GLO","subtype":"Specific","conversions":[{"value":21.5,"to":"KG","meta_data":"{\"name\":\"grammage\",\"value\":\"21.5\",\"unit\":\"kg/m^2\",\"unitDescription\":\"kilograms per square metre\"}"}],"gwp":{"a1a3":12.1,"a4":0.573,"a5":2.6,"b1":null,"b2":0.0404,"b3":null,"b4":null,"b5":null,"b6":null,"b7":null,"c1":null,"c2":0.0477,"c3":0.0462,"c4":0.125,"d":-0.224},"odp":{"a1a3":3.93e-11,"a4":2.09e-14,"a5":5.15e-12,"b1":null,"b2":7.63e-12,"b3":null,"b4":null,"b5":null,"b6":null,"b7":null,"c1":null,"c2":1.68e-15,"c3":2.08e-14,"c4":2.82e-14,"d":-7.36e-13},"ap":{"a1a3":0.0237,"a4":0.00472,"a5":0.0038,"b1":null,"b2":0.0000585,"b3":null,"b4":null,"b5":null,"b6":null,"b7":null,"c1":null,"c2":0.000209,"c3":0.00033,"c4":0.000738,"d":-0.000563},"ep":{"a1a3":0.00365,"a4":0.000526,"a5":0.000804,"b1":null,"b2":0.0000447,"b3":null,"b4":null,"b5":null,"b6":null,"b7":null,"c1":null,"c2":0.0000531,"c3":0.0000794,"c4":0.000102,"d":-0.0000927},"pocp":{"a1a3":0.00183,"a4":0.000243,"a5":0.000293,"b1":null,"b2":6.56e-6,"b3":null,"b4":null,"b5":null,"b6":null,"b7":null,"c1":null,"c2":-0.0000823,"c3":0.000036,"c4":0.0000574,"d":-0.0000594},"adpe":{"a1a3":0.0000452,"a4":4.17e-8,"a5":7.01e-6,"b1":null,"b2":1.33e-8,"b3":null,"b4":null,"b5":null,"b6":null,"b7":null,"c1":null,"c2":5.06e-9,"c3":6.1e-8,"c4":4.79e-8,"d":-9.3e-8},"adpf":{"a1a3":195.0,"a4":7.59,"a5":20.4,"b1":null,"b2":0.346,"b3":null,"b4":null,"b5":null,"b6":null,"b7":null,"c1":null,"c2":0.839,"c3":0.898,"c4":1.61,"d":-3.98},"penre":{"a1a3":198.0,"a4":7.62,"a5":22.5,"b1":null,"b2":0.367,"b3":null,"b4":null,"b5":null,"b6":null,"b7":null,"c1":null,"c2":0.842,"c3":0.934,"c4":1.67,"d":-4.67},"pere":{"a1a3":20.3,"a4":0.31,"a5":13.2,"b1":null,"b2":0.0187,"b3":null,"b4":null,"b5":null,"b6":null,"b7":null,"c1":null,"c2":0.0464,"c3":0.0627,"c4":0.207,"d":-1.76},"perm":{"a1a3":7.54,"a4":0.0,"a5":-8.03,"b1":null,"b2":0.0,"b3":null,"b4":null,"b5":null,"b6":null,"b7":null,"c1":null,"c2":0.0,"c3":0.0,"c4":0.0,"d":0.0},"pert":{"a1a3":27.8,"a4":0.31,"a5":6.18,"b1":null,"b2":0.0187,"b3":null,"b4":null,"b5":null,"b6":null,"b7":null,"c1":null,"c2":0.0464,"c3":0.0627,"c4":0.207,"d":-1.76},"penrt":{"a1a3":199.0,"a4":7.62,"a5":21.4,"b1":null,"b2":0.367,"b3":null,"b4":null,"b5":null,"b6":null,"b7":null,"c1":null,"c2":0.842,"c3":0.934,"c4":1.67,"d":-4.67},"penrm":{"a1a3":1.19,"a4":0.0,"a5":-1.27,"b1":null,"b2":0.0,"b3":null,"b4":null,"b5":null,"b6":null,"b7":null,"c1":null,"c2":0.0,"c3":0.0,"c4":0.0,"d":0.0},"sm":{"a1a3":0.0,"a4":0.168,"a5":0.0,"b1":null,"b2":0.0,"b3":null,"b4":null,"b5":null,"b6":null,"b7":null,"c1":null,"c2":0.0,"c3":0.0,"c4":0.0,"d":15.3},"rsf":{"a1a3":0.0,"a4":0.0,"a5":0.0,"b1":null,"b2":0.0,"b3":null,"b4":null,"b5":null,"b6":null,"b7":null,"c1":null,"c2":0.0,"c3":0.0,"c4":0.0,"d":0.0},"nrsf":{"a1a3":0.0,"a4":0.0,"a5":0.0,"b1":null,"b2":0.0,"b3":null,"b4":null,"b5":null,"b6":null,"b7":null,"c1":null,"c2":0.0,"c3":0.0,"c4":0.0,"d":0.0},"fw":{"a1a3":0.0294,"a4":0.000572,"a5":0.00579,"b1":null,"b2":0.000284,"b3":null,"b4":null,"b5":null,"b6":null,"b7":null,"c1":null,"c2":0.0000856,"c3":0.000283,"c4":0.00032,"d":-0.00116},"hwd":{"a1a3":0.000142,"a4":3.08e-7,"a5":9.37e-6,"b1":null,"b2":0.00254,"b3":null,"b4":null,"b5":null,"b6":null,"b7":null,"c1":null,"c2":4.87e-8,"c3":3.02e-8,"c4":2.88e-8,"d":-2.54e-8},"nhwd":{"a1a3":1.04,"a4":0.00048,"a5":1.64,"b1":null,"b2":0.00572,"b3":null,"b4":null,"b5":null,"b6":null,"b7":null,"c1":null,"c2":0.0000705,"c3":0.000198,"c4":7.85,"d":-0.742},"rwd":{"a1a3":0.00166,"a4":0.0000143,"a5":0.000392,"b1":null,"b2":8.51e-6,"b3":null,"b4":null,"b5":null,"b6":null,"b7":null,"c1":null,"c2":1.15e-6,"c3":0.0000143,"c4":0.0000242,"d":-0.000274},"cru":{"a1a3":0.0,"a4":0.0,"a5":0.167,"b1":null,"b2":0.0,"b3":null,"b4":null,"b5":null,"b6":null,"b7":null,"c1":null,"c2":0.0,"c3":0.0,"c4":0.0,"d":0.0},"mfr":{"a1a3":0.0,"a4":0.0,"a5":0.148,"b1":null,"b2":0.0,"b3":null,"b4":null,"b5":null,"b6":null,"b7":null,"c1":null,"c2":0.0,"c3":18.3,"c4":0.0,"d":0.0},"mer":{"a1a3":0.0,"a4":0.0,"a5":0.0,"b1":null,"b2":0.0,"b3":null,"b4":null,"b5":null,"b6":null,"b7":null,"c1":null,"c2":0.0,"c3":0.0,"c4":0.0,"d":0.0},"eee":{"a1a3":0.0,"a4":0.0,"a5":0.581,"b1":null,"b2":0.0,"b3":null,"b4":null,"b5":null,"b6":null,"b7":null,"c1":null,"c2":0.0,"c3":0.0,"c4":0.0,"d":0.0},"eet":{"a1a3":0.0,"a4":0.0,"a5":0.86,"b1":null,"b2":0.0,"b3":null,"b4":null,"b5":null,"b6":null,"b7":null,"c1":null,"c2":0.0,"c3":0.0,"c4":0.0,"d":0.0},"meta_data":null}