{"id":"bc344dda-12c4-4512-ad73-5429c1885a3e","name":"Porcelain stoneware ceramic tiles and slabs0035","declared_unit":"M2","version":"1.1","published_date":1451606400,"valid_until":1672531200,"format_version":"1.1.5","source":null,"reference_service_life":null,"standard":"EN15804A1","comment":null,"location":"GLO","subtype":"Specific","conversions":[{"value":24.3,"to":"KG","meta_data":"{\"name\":\"grammage\",\"value\":\"24.3\",\"unit\":\"kg/m^2\",\"unitDescription\":\"kilograms per square metre\"}"}],"gwp":{"a1a3":12.0,"a4":0.647,"a5":2.69,"b1":null,"b2":0.0404,"b3":null,"b4":null,"b5":null,"b6":null,"b7":null,"c1":null,"c2":0.0525,"c3":0.0508,"c4":0.137,"d":-0.248},"odp":{"a1a3":2.86e-11,"a4":2.36e-14,"a5":4.48e-12,"b1":null,"b2":7.63e-12,"b3":null,"b4":null,"b5":null,"b6":null,"b7":null,"c1":null,"c2":1.85e-15,"c3":2.29e-14,"c4":3.11e-14,"d":-7.87e-13},"ap":{"a1a3":0.0218,"a4":0.00534,"a5":0.00375,"b1":null,"b2":0.0000585,"b3":null,"b4":null,"b5":null,"b6":null,"b7":null,"c1":null,"c2":0.00023,"c3":0.000363,"c4":0.000812,"d":-0.000618},"ep":{"a1a3":0.00327,"a4":0.000594,"a5":0.000793,"b1":null,"b2":0.0000447,"b3":null,"b4":null,"b5":null,"b6":null,"b7":null,"c1":null,"c2":0.0000584,"c3":0.0000873,"c4":0.000112,"d":-0.000101},"pocp":{"a1a3":0.00193,"a4":0.000274,"a5":0.000315,"b1":null,"b2":6.56e-6,"b3":null,"b4":null,"b5":null,"b6":null,"b7":null,"c1":null,"c2":-0.0000905,"c3":0.0000396,"c4":0.0000631,"d":-0.0000641},"adpe":{"a1a3":0.0000945,"a4":4.71e-8,"a5":0.0000102,"b1":null,"b2":1.33e-8,"b3":null,"b4":null,"b5":null,"b6":null,"b7":null,"c1":null,"c2":5.57e-9,"c3":6.71e-8,"c4":5.27e-8,"d":-1.01e-7},"adpf":{"a1a3":199.0,"a4":8.57,"a5":20.8,"b1":null,"b2":0.346,"b3":null,"b4":null,"b5":null,"b6":null,"b7":null,"c1":null,"c2":0.923,"c3":0.988,"c4":1.77,"d":-4.32},"penre":{"a1a3":201.0,"a4":8.61,"a5":22.9,"b1":null,"b2":0.367,"b3":null,"b4":null,"b5":null,"b6":null,"b7":null,"c1":null,"c2":0.926,"c3":1.03,"c4":1.84,"d":-5.09},"pere":{"a1a3":18.4,"a4":0.35,"a5":14.2,"b1":null,"b2":0.0187,"b3":null,"b4":null,"b5":null,"b6":null,"b7":null,"c1":null,"c2":0.0511,"c3":0.069,"c4":0.228,"d":-1.86},"perm":{"a1a3":8.56,"a4":0.0,"a5":-9.12,"b1":null,"b2":0.0,"b3":null,"b4":null,"b5":null,"b6":null,"b7":null,"c1":null,"c2":0.0,"c3":0.0,"c4":0.0,"d":0.0},"pert":{"a1a3":27.0,"a4":0.35,"a5":6.16,"b1":null,"b2":0.0187,"b3":null,"b4":null,"b5":null,"b6":null,"b7":null,"c1":null,"c2":0.0511,"c3":0.069,"c4":0.228,"d":-1.86},"penrt":{"a1a3":203.0,"a4":8.61,"a5":21.8,"b1":null,"b2":0.367,"b3":null,"b4":null,"b5":null,"b6":null,"b7":null,"c1":null,"c2":0.926,"c3":1.03,"c4":1.84,"d":-5.09},"penrm":{"a1a3":1.24,"a4":0.0,"a5":-1.32,"b1":null,"b2":0.0,"b3":null,"b4":null,"b5":null,"b6":null,"b7":null,"c1":null,"c2":0.0,"c3":0.0,"c4":0.0,"d":0.0},"sm":{"a1a3":0.0,"a4":0.0794,"a5":0.0,"b1":null,"b2":0.0,"b3":null,"b4":null,"b5":null,"b6":null,"b7":null,"c1":null,"c2":0.0,"c3":0.0,"c4":0.0,"d":18.4},"rsf":{"a1a3":0.0,"a4":0.0,"a5":0.0,"b1":null,"b2":0.0,"b3":null,"b4":null,"b5":null,"b6":null,"b7":null,"c1":null,"c2":0.0,"c3":0.0,"c4":0.0,"d":0.0},"nrsf":{"a1a3":0.0,"a4":0.0,"a5":0.0,"b1":null,"b2":0.0,"b3":null,"b4":null,"b5":null,"b6":null,"b7":null,"c1":null,"c2":0.0,"c3":0.0,"c4":0.0,"d":0.0},"fw":{"a1a3":0.0367,"a4":0.000647,"a5":0.00641,"b1":null,"b2":0.000284,"b3":null,"b4":null,"b5":null,"b6":null,"b7":null,"c1":null,"c2":0.0000941,"c3":0.000312,"c4":0.000352,"d":-0.00127},"hwd":{"a1a3":2.36e-6,"a4":3.48e-7,"a5":2.87e-7,"b1":null,"b2":0.00254,"b3":null,"b4":null,"b5":null,"b6":null,"b7":null,"c1":null,"c2":5.36e-8,"c3":3.32e-8,"c4":3.17e-8,"d":-2.7e-8},"nhwd":{"a1a3":0.695,"a4":0.000542,"a5":1.82,"b1":null,"b2":0.00572,"b3":null,"b4":null,"b5":null,"b6":null,"b7":null,"c1":null,"c2":0.0000776,"c3":0.000218,"c4":8.64,"d":-0.816},"rwd":{"a1a3":0.00143,"a4":0.0000162,"a5":0.000379,"b1":null,"b2":8.51e-6,"b3":null,"b4":null,"b5":null,"b6":null,"b7":null,"c1":null,"c2":1.27e-6,"c3":0.0000158,"c4":0.0000266,"d":-0.000307},"cru":{"a1a3":0.0,"a4":0.0,"a5":0.197,"b1":null,"b2":0.0,"b3":null,"b4":null,"b5":null,"b6":null,"b7":null,"c1":null,"c2":0.0,"c3":0.0,"c4":0.0,"d":0.0},"mfr":{"a1a3":0.0,"a4":0.0,"a5":0.149,"b1":null,"b2":0.0,"b3":null,"b4":null,"b5":null,"b6":null,"b7":null,"c1":null,"c2":0.0,"c3":20.1,"c4":0.0,"d":0.0},"mer":{"a1a3":0.0,"a4":0.0,"a5":0.0,"b1":null,"b2":0.0,"b3":null,"b4":null,"b5":null,"b6":null,"b7":null,"c1":null,"c2":0.0,"c3":0.0,"c4":0.0,"d":0.0},"eee":{"a1a3":0.0,"a4":0.0,"a5":0.666,"b1":null,"b2":0.0,"b3":null,"b4":null,"b5":null,"b6":null,"b7":null,"c1":null,"c2":0.0,"c3":0.0,"c4":0.0,"d":0.0},"eet":{"a1a3":0.0,"a4":0.0,"a5":0.981,"b1":null,"b2":0.0,"b3":null,"b4":null,"b5":null,"b6":null,"b7":null,"c1":null,"c2":0.0,"c3":0.0,"c4":0.0,"d":0.0},"meta_data":null}