{"id":"c57b6a42-4c3c-46eb-9c60-1e3cb17b367b","name":"Porcelain stoneware Ceramic tiles and slabs0034","declared_unit":"M2","version":"1.1","published_date":1451606400,"valid_until":1672531200,"format_version":"1.1.5","source":null,"reference_service_life":null,"standard":"EN15804A1","comment":null,"location":"GLO","subtype":"Specific","conversions":[{"value":24.4,"to":"KG","meta_data":"{\"name\":\"grammage\",\"value\":\"24.4\",\"unit\":\"kg/m^2\",\"unitDescription\":\"kilograms per square metre\"}"}],"gwp":{"a1a3":9.6,"a4":0.649,"a5":2.51,"b1":null,"b2":0.0404,"b3":null,"b4":null,"b5":null,"b6":null,"b7":null,"c1":null,"c2":0.0527,"c3":0.051,"c4":0.138,"d":-0.225},"odp":{"a1a3":4.02e-11,"a4":2.37e-14,"a5":5e-12,"b1":null,"b2":7.63e-12,"b3":null,"b4":null,"b5":null,"b6":null,"b7":null,"c1":null,"c2":1.86e-15,"c3":2.29e-14,"c4":3.12e-14,"d":-7.19e-13},"ap":{"a1a3":0.0375,"a4":0.00535,"a5":0.00475,"b1":null,"b2":0.0000585,"b3":null,"b4":null,"b5":null,"b6":null,"b7":null,"c1":null,"c2":0.000231,"c3":0.000364,"c4":0.000815,"d":-0.000579},"ep":{"a1a3":0.00288,"a4":0.000596,"a5":0.00076,"b1":null,"b2":0.0000447,"b3":null,"b4":null,"b5":null,"b6":null,"b7":null,"c1":null,"c2":0.0000586,"c3":0.0000877,"c4":0.000113,"d":-0.000095},"pocp":{"a1a3":0.00227,"a4":0.000275,"a5":0.000333,"b1":null,"b2":6.56e-6,"b3":null,"b4":null,"b5":null,"b6":null,"b7":null,"c1":null,"c2":-0.0000909,"c3":0.0000397,"c4":0.0000634,"d":-0.0000585},"adpe":{"a1a3":0.0000304,"a4":4.72e-8,"a5":6.05e-6,"b1":null,"b2":1.33e-8,"b3":null,"b4":null,"b5":null,"b6":null,"b7":null,"c1":null,"c2":5.59e-9,"c3":6.73e-8,"c4":5.29e-8,"d":-9.2e-8},"adpf":{"a1a3":156.0,"a4":8.6,"a5":17.9,"b1":null,"b2":0.346,"b3":null,"b4":null,"b5":null,"b6":null,"b7":null,"c1":null,"c2":0.927,"c3":0.992,"c4":1.78,"d":-3.86},"penre":{"a1a3":161.0,"a4":8.64,"a5":20.0,"b1":null,"b2":0.367,"b3":null,"b4":null,"b5":null,"b6":null,"b7":null,"c1":null,"c2":0.93,"c3":1.03,"c4":1.85,"d":-4.57},"pere":{"a1a3":30.7,"a4":0.351,"a5":14.3,"b1":null,"b2":0.0187,"b3":null,"b4":null,"b5":null,"b6":null,"b7":null,"c1":null,"c2":0.0513,"c3":0.0693,"c4":0.229,"d":-1.69},"perm":{"a1a3":8.1,"a4":0.0,"a5":-8.63,"b1":null,"b2":0.0,"b3":null,"b4":null,"b5":null,"b6":null,"b7":null,"c1":null,"c2":0.0,"c3":0.0,"c4":0.0,"d":0.0},"pert":{"a1a3":38.8,"a4":0.351,"a5":6.71,"b1":null,"b2":0.0187,"b3":null,"b4":null,"b5":null,"b6":null,"b7":null,"c1":null,"c2":0.0513,"c3":0.0693,"c4":0.229,"d":-1.69},"penrt":{"a1a3":162.0,"a4":8.64,"a5":19.0,"b1":null,"b2":0.367,"b3":null,"b4":null,"b5":null,"b6":null,"b7":null,"c1":null,"c2":0.93,"c3":1.03,"c4":1.85,"d":-4.57},"penrm":{"a1a3":1.03,"a4":0.0,"a5":-1.1,"b1":null,"b2":0.0,"b3":null,"b4":null,"b5":null,"b6":null,"b7":null,"c1":null,"c2":0.0,"c3":0.0,"c4":0.0,"d":0.0},"sm":{"a1a3":0.0,"a4":0.0,"a5":0.0,"b1":null,"b2":0.0,"b3":null,"b4":null,"b5":null,"b6":null,"b7":null,"c1":null,"c2":0.0,"c3":0.0,"c4":0.0,"d":19.7},"rsf":{"a1a3":0.0,"a4":0.0,"a5":0.0,"b1":null,"b2":0.0,"b3":null,"b4":null,"b5":null,"b6":null,"b7":null,"c1":null,"c2":0.0,"c3":0.0,"c4":0.0,"d":0.0},"nrsf":{"a1a3":0.0,"a4":0.0,"a5":0.0,"b1":null,"b2":0.0,"b3":null,"b4":null,"b5":null,"b6":null,"b7":null,"c1":null,"c2":0.0,"c3":0.0,"c4":0.0,"d":0.0},"fw":{"a1a3":0.0449,"a4":0.000649,"a5":0.00679,"b1":null,"b2":0.000284,"b3":null,"b4":null,"b5":null,"b6":null,"b7":null,"c1":null,"c2":0.0000945,"c3":0.000313,"c4":0.000353,"d":-0.00115},"hwd":{"a1a3":0.000443,"a4":3.49e-7,"a5":0.000029,"b1":null,"b2":0.00254,"b3":null,"b4":null,"b5":null,"b6":null,"b7":null,"c1":null,"c2":5.38e-8,"c3":3.33e-8,"c4":3.18e-8,"d":-2.58e-8},"nhwd":{"a1a3":0.685,"a4":0.000544,"a5":1.81,"b1":null,"b2":0.00572,"b3":null,"b4":null,"b5":null,"b6":null,"b7":null,"c1":null,"c2":0.0000779,"c3":0.000219,"c4":8.67,"d":-0.819},"rwd":{"a1a3":0.00232,"a4":0.0000162,"a5":0.000433,"b1":null,"b2":8.51e-6,"b3":null,"b4":null,"b5":null,"b6":null,"b7":null,"c1":null,"c2":1.27e-6,"c3":0.0000158,"c4":0.0000267,"d":-0.000284},"cru":{"a1a3":0.0,"a4":0.0,"a5":0.189,"b1":null,"b2":0.0,"b3":null,"b4":null,"b5":null,"b6":null,"b7":null,"c1":null,"c2":0.0,"c3":0.0,"c4":0.0,"d":0.0},"mfr":{"a1a3":0.0,"a4":0.0,"a5":0.132,"b1":null,"b2":0.0,"b3":null,"b4":null,"b5":null,"b6":null,"b7":null,"c1":null,"c2":0.0,"c3":20.2,"c4":0.0,"d":0.0},"mer":{"a1a3":0.0,"a4":0.0,"a5":0.0,"b1":null,"b2":0.0,"b3":null,"b4":null,"b5":null,"b6":null,"b7":null,"c1":null,"c2":0.0,"c3":0.0,"c4":0.0,"d":0.0},"eee":{"a1a3":0.0,"a4":0.0,"a5":0.624,"b1":null,"b2":0.0,"b3":null,"b4":null,"b5":null,"b6":null,"b7":null,"c1":null,"c2":0.0,"c3":0.0,"c4":0.0,"d":0.0},"eet":{"a1a3":0.0,"a4":0.0,"a5":0.914,"b1":null,"b2":0.0,"b3":null,"b4":null,"b5":null,"b6":null,"b7":null,"c1":null,"c2":0.0,"c3":0.0,"c4":0.0,"d":0.0},"meta_data":null}