{"id":"c749dc16-a727-433d-97cb-57262dd5d87a","name":"CERAMIC TILES - Casiglie","declared_unit":"M2","version":"1.1","published_date":1483228800,"valid_until":1704067200,"format_version":"1.1.5","source":null,"reference_service_life":null,"standard":"EN15804A1","comment":null,"location":"GLO","subtype":"Generic","conversions":[{"value":28.0,"to":"KG","meta_data":"{\"name\":\"grammage\",\"value\":\"28.0\",\"unit\":\"kg/m^2\",\"unitDescription\":\"kilograms per square metre\"}"}],"gwp":{"a1a3":15.5,"a4":0.651,"a5":2.43,"b1":null,"b2":0.0333,"b3":null,"b4":null,"b5":null,"b6":null,"b7":null,"c1":null,"c2":0.122,"c3":0.0601,"c4":0.162,"d":-0.0936},"odp":{"a1a3":9.69e-12,"a4":2.44e-14,"a5":5.38e-12,"b1":null,"b2":6.69e-15,"b3":null,"b4":null,"b5":null,"b6":null,"b7":null,"c1":null,"c2":3.36e-15,"c3":2.7e-14,"c4":3.68e-14,"d":-9.32e-13},"ap":{"a1a3":0.0279,"a4":0.00441,"a5":0.00423,"b1":null,"b2":0.0000364,"b3":null,"b4":null,"b5":null,"b6":null,"b7":null,"c1":null,"c2":0.000526,"c3":0.000429,"c4":0.000961,"d":-0.000497},"ep":{"a1a3":0.00339,"a4":0.000505,"a5":0.000815,"b1":null,"b2":0.0000401,"b3":null,"b4":null,"b5":null,"b6":null,"b7":null,"c1":null,"c2":0.000135,"c3":0.000103,"c4":0.000133,"d":-0.0000973},"pocp":{"a1a3":0.00187,"a4":0.00022,"a5":0.000271,"b1":null,"b2":3.54e-6,"b3":null,"b4":null,"b5":null,"b6":null,"b7":null,"c1":null,"c2":-0.00022,"c3":0.0000468,"c4":0.0000747,"d":-0.0000502},"adpe":{"a1a3":0.0102,"a4":4.93e-8,"a5":0.0000706,"b1":null,"b2":1.28e-9,"b3":null,"b4":null,"b5":null,"b6":null,"b7":null,"c1":null,"c2":1.01e-8,"c3":7.94e-8,"c4":6.23e-8,"d":-7.15e-8},"adpf":{"a1a3":241.0,"a4":8.66,"a5":24.3,"b1":null,"b2":0.184,"b3":null,"b4":null,"b5":null,"b6":null,"b7":null,"c1":null,"c2":1.67,"c3":1.17,"c4":2.1,"d":-2.3},"penre":{"a1a3":248.0,"a4":8.7,"a5":25.9,"b1":null,"b2":0.197,"b3":null,"b4":null,"b5":null,"b6":null,"b7":null,"c1":null,"c2":1.68,"c3":1.22,"c4":2.18,"d":-2.72},"pere":{"a1a3":38.2,"a4":0.374,"a5":15.3,"b1":null,"b2":0.0156,"b3":null,"b4":null,"b5":null,"b6":null,"b7":null,"c1":null,"c2":0.0925,"c3":0.0817,"c4":0.27,"d":-2.44},"perm":{"a1a3":6.34,"a4":0.0,"a5":-6.75,"b1":null,"b2":0.0,"b3":null,"b4":null,"b5":null,"b6":null,"b7":null,"c1":null,"c2":0.0,"c3":0.0,"c4":0.0,"d":0.0},"pert":{"a1a3":44.6,"a4":0.374,"a5":9.34,"b1":null,"b2":0.0156,"b3":null,"b4":null,"b5":null,"b6":null,"b7":null,"c1":null,"c2":0.0925,"c3":0.0817,"c4":0.27,"d":-2.44},"penrt":{"a1a3":249.0,"a4":8.7,"a5":25.6,"b1":null,"b2":0.197,"b3":null,"b4":null,"b5":null,"b6":null,"b7":null,"c1":null,"c2":1.68,"c3":1.22,"c4":2.18,"d":-2.72},"penrm":{"a1a3":0.38,"a4":0.0,"a5":-0.405,"b1":null,"b2":0.0,"b3":null,"b4":null,"b5":null,"b6":null,"b7":null,"c1":null,"c2":0.0,"c3":0.0,"c4":0.0,"d":0.0},"sm":{"a1a3":6.82,"a4":0.0,"a5":0.443,"b1":null,"b2":0.0,"b3":null,"b4":null,"b5":null,"b6":null,"b7":null,"c1":null,"c2":0.0,"c3":0.0,"c4":0.0,"d":16.5},"rsf":{"a1a3":0.0,"a4":0.0,"a5":0.0,"b1":null,"b2":0.0,"b3":null,"b4":null,"b5":null,"b6":null,"b7":null,"c1":null,"c2":0.0,"c3":0.0,"c4":0.0,"d":0.0},"nrsf":{"a1a3":0.0,"a4":0.0,"a5":0.0,"b1":null,"b2":0.0,"b3":null,"b4":null,"b5":null,"b6":null,"b7":null,"c1":null,"c2":0.0,"c3":0.0,"c4":0.0,"d":0.0},"fw":{"a1a3":0.283,"a4":0.00069,"a5":0.0228,"b1":null,"b2":0.000263,"b3":null,"b4":null,"b5":null,"b6":null,"b7":null,"c1":null,"c2":0.000171,"c3":0.000369,"c4":0.000416,"d":-0.000797},"hwd":{"a1a3":7.93e-7,"a4":3.73e-7,"a5":2.24e-7,"b1":null,"b2":2.34e-10,"b3":null,"b4":null,"b5":null,"b6":null,"b7":null,"c1":null,"c2":9.7e-8,"c3":3.93e-8,"c4":3.75e-8,"d":-3.87e-8},"nhwd":{"a1a3":2.31,"a4":0.000578,"a5":2.08,"b1":null,"b2":0.00901,"b3":null,"b4":null,"b5":null,"b6":null,"b7":null,"c1":null,"c2":0.000141,"c3":0.000258,"c4":10.2,"d":-0.964},"rwd":{"a1a3":0.003,"a4":0.0000167,"a5":0.000494,"b1":null,"b2":4.95e-6,"b3":null,"b4":null,"b5":null,"b6":null,"b7":null,"c1":null,"c2":2.3e-6,"c3":0.0000186,"c4":0.0000315,"d":-0.000166},"cru":{"a1a3":0.0,"a4":0.0,"a5":0.0727,"b1":null,"b2":0.0,"b3":null,"b4":null,"b5":null,"b6":null,"b7":null,"c1":null,"c2":0.0,"c3":0.0,"c4":0.0,"d":0.0},"mfr":{"a1a3":13.2,"a4":0.0,"a5":1.12,"b1":null,"b2":0.0,"b3":null,"b4":null,"b5":null,"b6":null,"b7":null,"c1":null,"c2":0.0,"c3":23.8,"c4":0.0,"d":0.0},"mer":{"a1a3":0.0,"a4":0.0,"a5":0.0,"b1":null,"b2":0.0,"b3":null,"b4":null,"b5":null,"b6":null,"b7":null,"c1":null,"c2":0.0,"c3":0.0,"c4":0.0,"d":0.0},"eee":{"a1a3":0.0,"a4":0.0,"a5":0.29,"b1":null,"b2":0.0,"b3":null,"b4":null,"b5":null,"b6":null,"b7":null,"c1":null,"c2":0.0,"c3":0.0,"c4":0.0,"d":0.0},"eet":{"a1a3":0.0,"a4":0.0,"a5":0.429,"b1":null,"b2":0.0,"b3":null,"b4":null,"b5":null,"b6":null,"b7":null,"c1":null,"c2":0.0,"c3":0.0,"c4":0.0,"d":0.0},"meta_data":null}