{"id":"c90455f5-118d-43fe-bb77-34c514f37587","name":"XYLOFON: HIGH-PERFORMANCE RESILIENT SOUNDPROOFING PROFILE (shore90)","declared_unit":"M2","version":"1.1","published_date":1640995200,"valid_until":1798761600,"format_version":"1.1.5","source":null,"reference_service_life":null,"standard":"EN15804A2","comment":null,"location":"IT","subtype":"Specific","conversions":[],"gwp":{"a1a3":null,"a4":1.26,"a5":3.24,"b1":0.0,"b2":0.0,"b3":0.0,"b4":0.0,"b5":0.0,"b6":0.0,"b7":0.0,"c1":0.0832,"c2":0.203,"c3":5.77,"c4":0.33,"d":-2.69},"odp":{"a1a3":null,"a4":0.0,"a5":1e-12,"b1":0.0,"b2":0.0,"b3":0.0,"b4":0.0,"b5":0.0,"b6":0.0,"b7":0.0,"c1":1e-12,"c2":0.0,"c3":0.0,"c4":0.0,"d":-1.3e-11},"ap":{"a1a3":null,"a4":0.0045,"a5":0.000943,"b1":0.0,"b2":0.0,"b3":0.0,"b4":0.0,"b5":0.0,"b6":0.0,"b7":0.0,"c1":0.000122,"c2":0.00057,"c3":0.0034,"c4":0.000976,"d":-0.00269},"ep":null,"pocp":{"a1a3":null,"a4":0.00408,"a5":0.00114,"b1":0.0,"b2":0.0,"b3":0.0,"b4":0.0,"b5":0.0,"b6":0.0,"b7":0.0,"c1":0.0000943,"c2":0.000511,"c3":0.00423,"c4":0.000695,"d":-0.00249},"adpe":{"a1a3":null,"a4":1.25e-7,"a5":5.21e-7,"b1":0.0,"b2":0.0,"b3":0.0,"b4":0.0,"b5":0.0,"b6":0.0,"b7":0.0,"c1":9.89e-9,"c2":1.67e-8,"c3":1.16e-8,"c4":2.28e-8,"d":-2.2e-7},"adpf":{"a1a3":null,"a4":16.3,"a5":8.61,"b1":0.0,"b2":0.0,"b3":0.0,"b4":0.0,"b5":0.0,"b6":0.0,"b7":0.0,"c1":1.76,"c2":2.68,"c3":1.49,"c4":4.67,"d":-50.0},"penre":{"a1a3":null,"a4":16.4,"a5":6.26,"b1":0.0,"b2":0.0,"b3":0.0,"b4":0.0,"b5":0.0,"b6":0.0,"b7":0.0,"c1":1.76,"c2":2.68,"c3":1.49,"c4":4.68,"d":-50.0},"pere":{"a1a3":null,"a4":1.13,"a5":6.44,"b1":0.0,"b2":0.0,"b3":0.0,"b4":0.0,"b5":0.0,"b6":0.0,"b7":0.0,"c1":0.255,"c2":0.152,"c3":0.259,"c4":0.384,"d":-4.02},"perm":{"a1a3":null,"a4":0.0,"a5":-5.58,"b1":0.0,"b2":0.0,"b3":0.0,"b4":0.0,"b5":0.0,"b6":0.0,"b7":0.0,"c1":0.0,"c2":0.0,"c3":0.0,"c4":0.0,"d":0.0},"pert":null,"penrt":{"a1a3":null,"a4":10.7,"a5":8.61,"b1":0.0,"b2":0.0,"b3":0.0,"b4":0.0,"b5":0.0,"b6":0.0,"b7":0.0,"c1":1.76,"c2":2.68,"c3":1.49,"c4":4.68,"d":-50.0},"penrm":{"a1a3":null,"a4":0.0,"a5":2.35,"b1":0.0,"b2":0.0,"b3":0.0,"b4":0.0,"b5":0.0,"b6":0.0,"b7":0.0,"c1":0.0,"c2":0.0,"c3":0.0,"c4":0.0,"d":0.0},"sm":{"a1a3":null,"a4":0.0,"a5":0.0065,"b1":0.0,"b2":0.0,"b3":0.0,"b4":0.0,"b5":0.0,"b6":0.0,"b7":0.0,"c1":0.0,"c2":0.0,"c3":0.0,"c4":0.0,"d":0.0},"rsf":{"a1a3":null,"a4":0.0,"a5":0.0,"b1":0.0,"b2":0.0,"b3":0.0,"b4":0.0,"b5":0.0,"b6":0.0,"b7":0.0,"c1":0.0,"c2":0.0,"c3":0.0,"c4":0.0,"d":0.0},"nrsf":{"a1a3":null,"a4":0.0,"a5":0.0,"b1":0.0,"b2":0.0,"b3":0.0,"b4":0.0,"b5":0.0,"b6":0.0,"b7":0.0,"c1":0.0,"c2":0.0,"c3":0.0,"c4":0.0,"d":0.0},"fw":{"a1a3":null,"a4":0.00131,"a5":0.00425,"b1":0.0,"b2":0.0,"b3":0.0,"b4":0.0,"b5":0.0,"b6":0.0,"b7":0.0,"c1":0.000386,"c2":0.000172,"c3":0.0134,"c4":0.0000605,"d":-0.0062},"hwd":{"a1a3":null,"a4":8.7e-11,"a5":2.5e-9,"b1":0.0,"b2":0.0,"b3":0.0,"b4":0.0,"b5":0.0,"b6":0.0,"b7":0.0,"c1":1.26e-10,"c2":1.3e-11,"c3":2.05e-10,"c4":7.21e-10,"d":-6.03e-9},"nhwd":{"a1a3":null,"a4":0.00267,"a5":0.317,"b1":0.0,"b2":0.0,"b3":0.0,"b4":0.0,"b5":0.0,"b6":0.0,"b7":0.0,"c1":0.000375,"c2":0.000385,"c3":0.029,"c4":4.63,"d":-0.0118},"rwd":{"a1a3":null,"a4":0.0000304,"a5":0.000588,"b1":0.0,"b2":0.0,"b3":0.0,"b4":0.0,"b5":0.0,"b6":0.0,"b7":0.0,"c1":0.000293,"c2":3.31e-6,"c3":0.0000614,"c4":0.0000574,"d":-0.00453},"cru":{"a1a3":null,"a4":0.0,"a5":0.0,"b1":0.0,"b2":0.0,"b3":0.0,"b4":0.0,"b5":0.0,"b6":0.0,"b7":0.0,"c1":1e-11,"c2":0.0,"c3":0.0,"c4":0.0,"d":0.0},"mfr":{"a1a3":null,"a4":0.0,"a5":0.302,"b1":0.0,"b2":0.0,"b3":0.0,"b4":0.0,"b5":0.0,"b6":0.0,"b7":0.0,"c1":5.06e-10,"c2":0.0,"c3":0.0,"c4":0.0,"d":0.0},"mer":{"a1a3":null,"a4":0.0,"a5":0.0,"b1":0.0,"b2":0.0,"b3":0.0,"b4":0.0,"b5":0.0,"b6":0.0,"b7":0.0,"c1":0.162,"c2":0.0,"c3":0.0,"c4":0.0,"d":0.0},"eee":{"a1a3":null,"a4":0.0,"a5":1.29,"b1":0.0,"b2":0.0,"b3":0.0,"b4":0.0,"b5":0.0,"b6":0.0,"b7":0.0,"c1":1.09e-9,"c2":0.0,"c3":0.0,"c4":9.97,"d":0.0},"eet":{"a1a3":null,"a4":0.0,"a5":1.87,"b1":0.0,"b2":0.0,"b3":0.0,"b4":0.0,"b5":0.0,"b6":0.0,"b7":0.0,"c1":0.0429,"c2":0.0,"c3":0.0,"c4":17.8,"d":0.0},"meta_data":null}