{"id":"d8abec49-e218-447a-b8b0-ee3c659fb15a","name":"Air, wind and water barrier membranes and Vapor control layers: TRASPIR WELD EVO 360","declared_unit":"M2","version":"1.1","published_date":1609459200,"valid_until":1767225600,"format_version":"1.1.5","source":null,"reference_service_life":null,"standard":"EN15804A2","comment":null,"location":"IT","subtype":"Specific","conversions":[],"gwp":{"a1a3":null,"a4":0.0557,"a5":0.217,"b1":0.0,"b2":0.0,"b3":0.0,"b4":0.0,"b5":0.0,"b6":0.0,"b7":0.0,"c1":0.00422,"c2":0.0105,"c3":0.0401,"c4":0.0257,"d":-0.0753},"odp":{"a1a3":null,"a4":0.0,"a5":0.0,"b1":0.0,"b2":0.0,"b3":0.0,"b4":0.0,"b5":0.0,"b6":0.0,"b7":0.0,"c1":0.0,"c2":0.0,"c3":0.0,"c4":0.0,"d":0.0},"ap":{"a1a3":null,"a4":0.00118,"a5":0.00033,"b1":0.0,"b2":0.0,"b3":0.0,"b4":0.0,"b5":0.0,"b6":0.0,"b7":0.0,"c1":8.69e-6,"c2":0.0000297,"c3":0.0000128,"c4":0.0000765,"d":-0.000111},"ep":null,"pocp":{"a1a3":null,"a4":0.00086,"a5":0.000385,"b1":0.0,"b2":0.0,"b3":0.0,"b4":0.0,"b5":0.0,"b6":0.0,"b7":0.0,"c1":5.6e-6,"c2":0.0000265,"c3":9.56e-6,"c4":0.0000581,"d":-0.000112},"adpe":{"a1a3":null,"a4":3.25e-9,"a5":1.57e-6,"b1":0.0,"b2":0.0,"b3":0.0,"b4":0.0,"b5":0.0,"b6":0.0,"b7":0.0,"c1":1.23e-9,"c2":7.98e-10,"c3":1.13e-9,"c4":1.7e-9,"d":-1.04e-8},"adpf":{"a1a3":null,"a4":0.704,"a5":4.23,"b1":0.0,"b2":0.0,"b3":0.0,"b4":0.0,"b5":0.0,"b6":0.0,"b7":0.0,"c1":0.0743,"c2":0.14,"c3":0.0979,"c4":0.361,"d":-1.68},"penre":{"a1a3":null,"a4":0.706,"a5":2.79,"b1":0.0,"b2":0.0,"b3":0.0,"b4":0.0,"b5":0.0,"b6":0.0,"b7":0.0,"c1":0.0743,"c2":0.14,"c3":0.556,"c4":0.361,"d":-1.68},"pere":{"a1a3":null,"a4":0.0219,"a5":0.282,"b1":0.0,"b2":0.0,"b3":0.0,"b4":0.0,"b5":0.0,"b6":0.0,"b7":0.0,"c1":0.0342,"c2":0.00779,"c3":0.0272,"c4":0.0262,"d":-0.157},"perm":{"a1a3":null,"a4":0.0,"a5":0.0253,"b1":0.0,"b2":0.0,"b3":0.0,"b4":0.0,"b5":0.0,"b6":0.0,"b7":0.0,"c1":0.0,"c2":0.0,"c3":0.0,"c4":0.0,"d":0.0},"pert":null,"penrt":{"a1a3":null,"a4":0.706,"a5":4.23,"b1":0.0,"b2":0.0,"b3":0.0,"b4":0.0,"b5":0.0,"b6":0.0,"b7":0.0,"c1":0.0743,"c2":0.14,"c3":0.0979,"c4":0.361,"d":-1.68},"penrm":{"a1a3":null,"a4":0.0,"a5":1.44,"b1":0.0,"b2":0.0,"b3":0.0,"b4":0.0,"b5":0.0,"b6":0.0,"b7":0.0,"c1":0.0,"c2":0.0,"c3":-0.459,"c4":0.0,"d":0.0},"sm":{"a1a3":null,"a4":0.0,"a5":0.000378,"b1":0.0,"b2":0.0,"b3":0.0,"b4":0.0,"b5":0.0,"b6":0.0,"b7":0.0,"c1":0.0,"c2":0.0,"c3":0.0,"c4":0.0,"d":0.0},"rsf":{"a1a3":null,"a4":0.0,"a5":0.0,"b1":0.0,"b2":0.0,"b3":0.0,"b4":0.0,"b5":0.0,"b6":0.0,"b7":0.0,"c1":0.0,"c2":0.0,"c3":0.0,"c4":0.0,"d":0.0},"nrsf":{"a1a3":null,"a4":0.0,"a5":0.0,"b1":0.0,"b2":0.0,"b3":0.0,"b4":0.0,"b5":0.0,"b6":0.0,"b7":0.0,"c1":0.0,"c2":0.0,"c3":0.0,"c4":0.0,"d":0.0},"fw":{"a1a3":null,"a4":0.0000256,"a5":0.000943,"b1":0.0,"b2":0.0,"b3":0.0,"b4":0.0,"b5":0.0,"b6":0.0,"b7":0.0,"c1":0.0000333,"c2":8.92e-6,"c3":0.000106,"c4":5.34e-6,"d":-0.000462},"hwd":{"a1a3":null,"a4":2.2e-11,"a5":2.8e-9,"b1":0.0,"b2":0.0,"b3":0.0,"b4":0.0,"b5":0.0,"b6":0.0,"b7":0.0,"c1":2e-11,"c2":7e-12,"c3":2.3e-11,"c4":6.5e-11,"d":-1.08e-9},"nhwd":{"a1a3":null,"a4":0.0000913,"a5":0.0483,"b1":0.0,"b2":0.0,"b3":0.0,"b4":0.0,"b5":0.0,"b6":0.0,"b7":0.0,"c1":0.0000527,"c2":0.0000208,"c3":0.00246,"c4":0.345,"d":-0.000812},"rwd":{"a1a3":null,"a4":1.04e-6,"a5":0.0000845,"b1":0.0,"b2":0.0,"b3":0.0,"b4":0.0,"b5":0.0,"b6":0.0,"b7":0.0,"c1":0.0000111,"c2":1.69e-7,"c3":8.27e-6,"c4":4.2e-6,"d":-0.0000432},"cru":{"a1a3":null,"a4":0.0,"a5":0.0,"b1":0.0,"b2":0.0,"b3":0.0,"b4":0.0,"b5":0.0,"b6":0.0,"b7":0.0,"c1":0.0,"c2":0.0,"c3":0.0,"c4":0.0,"d":0.0},"mfr":{"a1a3":null,"a4":0.0,"a5":0.000418,"b1":0.0,"b2":0.0,"b3":0.0,"b4":0.0,"b5":0.0,"b6":0.0,"b7":0.0,"c1":0.0,"c2":0.0,"c3":0.0179,"c4":0.0,"d":0.0},"mer":{"a1a3":null,"a4":0.0,"a5":0.0,"b1":0.0,"b2":0.0,"b3":0.0,"b4":0.0,"b5":0.0,"b6":0.0,"b7":0.0,"c1":0.0,"c2":0.0,"c3":0.0,"c4":0.0,"d":0.0},"eee":{"a1a3":null,"a4":0.0,"a5":0.0141,"b1":0.0,"b2":0.0,"b3":0.0,"b4":0.0,"b5":0.0,"b6":0.0,"b7":0.0,"c1":0.0,"c2":0.0,"c3":0.0527,"c4":0.0,"d":0.0},"eet":{"a1a3":null,"a4":0.0,"a5":0.012,"b1":0.0,"b2":0.0,"b3":0.0,"b4":0.0,"b5":0.0,"b6":0.0,"b7":0.0,"c1":0.0,"c2":0.0,"c3":0.0973,"c4":0.0,"d":0.0},"meta_data":null}