{"id":"dc900061-388c-40c7-8f70-54c2d7d2da20","name":"Air, wind and water barrier membranes and Vapor control layers: CLIMA CONTROL NET 160","declared_unit":"M2","version":"1.1","published_date":1609459200,"valid_until":1767225600,"format_version":"1.1.5","source":null,"reference_service_life":null,"standard":"EN15804A2","comment":null,"location":"IT","subtype":"Specific","conversions":[],"gwp":{"a1a3":null,"a4":0.00636,"a5":0.119,"b1":0.0,"b2":0.0,"b3":0.0,"b4":0.0,"b5":0.0,"b6":0.0,"b7":0.0,"c1":0.00208,"c2":0.0052,"c3":0.0658,"c4":0.0143,"d":-0.0765},"odp":{"a1a3":null,"a4":0.0,"a5":0.0,"b1":0.0,"b2":0.0,"b3":0.0,"b4":0.0,"b5":0.0,"b6":0.0,"b7":0.0,"c1":0.0,"c2":0.0,"c3":0.0,"c4":0.0,"d":0.0},"ap":{"a1a3":null,"a4":0.000167,"a5":0.000198,"b1":0.0,"b2":0.0,"b3":0.0,"b4":0.0,"b5":0.0,"b6":0.0,"b7":0.0,"c1":4.29e-6,"c2":0.0000147,"c3":0.0000504,"c4":0.0000342,"d":-0.000116},"ep":null,"pocp":{"a1a3":null,"a4":0.000121,"a5":0.000187,"b1":0.0,"b2":0.0,"b3":0.0,"b4":0.0,"b5":0.0,"b6":0.0,"b7":0.0,"c1":2.77e-6,"c2":0.0000131,"c3":0.0000561,"c4":0.0000293,"d":-0.000111},"adpe":{"a1a3":null,"a4":3.16e-10,"a5":3.23e-8,"b1":0.0,"b2":0.0,"b3":0.0,"b4":0.0,"b5":0.0,"b6":0.0,"b7":0.0,"c1":6.07e-10,"c2":3.94e-10,"c3":1.63e-9,"c4":6.86e-10,"d":-1.01e-8},"adpf":{"a1a3":null,"a4":0.0793,"a5":2.66,"b1":0.0,"b2":0.0,"b3":0.0,"b4":0.0,"b5":0.0,"b6":0.0,"b7":0.0,"c1":0.0367,"c2":0.069,"c3":0.135,"c4":0.148,"d":-1.85},"penre":{"a1a3":null,"a4":0.0795,"a5":1.58,"b1":0.0,"b2":0.0,"b3":0.0,"b4":0.0,"b5":0.0,"b6":0.0,"b7":0.0,"c1":0.0367,"c2":0.0691,"c3":0.808,"c4":0.148,"d":-1.85},"pere":{"a1a3":null,"a4":0.00183,"a5":0.134,"b1":0.0,"b2":0.0,"b3":0.0,"b4":0.0,"b5":0.0,"b6":0.0,"b7":0.0,"c1":0.0169,"c2":0.00385,"c3":0.0313,"c4":0.0103,"d":-0.149},"perm":{"a1a3":null,"a4":0.0,"a5":0.00892,"b1":0.0,"b2":0.0,"b3":0.0,"b4":0.0,"b5":0.0,"b6":0.0,"b7":0.0,"c1":0.0,"c2":0.0,"c3":0.0,"c4":0.0,"d":0.0},"pert":null,"penrt":{"a1a3":null,"a4":0.0795,"a5":2.66,"b1":0.0,"b2":0.0,"b3":0.0,"b4":0.0,"b5":0.0,"b6":0.0,"b7":0.0,"c1":0.0367,"c2":0.0691,"c3":0.136,"c4":0.148,"d":-1.85},"penrm":{"a1a3":null,"a4":0.0,"a5":1.08,"b1":0.0,"b2":0.0,"b3":0.0,"b4":0.0,"b5":0.0,"b6":0.0,"b7":0.0,"c1":0.0,"c2":0.0,"c3":-0.672,"c4":0.0,"d":0.0},"sm":{"a1a3":null,"a4":0.0,"a5":0.000132,"b1":0.0,"b2":0.0,"b3":0.0,"b4":0.0,"b5":0.0,"b6":0.0,"b7":0.0,"c1":0.0,"c2":0.0,"c3":0.0,"c4":0.0,"d":0.0},"rsf":{"a1a3":null,"a4":0.0,"a5":0.0,"b1":0.0,"b2":0.0,"b3":0.0,"b4":0.0,"b5":0.0,"b6":0.0,"b7":0.0,"c1":0.0,"c2":0.0,"c3":0.0,"c4":0.0,"d":0.0},"nrsf":{"a1a3":null,"a4":0.0,"a5":0.0,"b1":0.0,"b2":0.0,"b3":0.0,"b4":0.0,"b5":0.0,"b6":0.0,"b7":0.0,"c1":0.0,"c2":0.0,"c3":0.0,"c4":0.0,"d":0.0},"fw":{"a1a3":null,"a4":2.18e-6,"a5":0.000383,"b1":0.0,"b2":0.0,"b3":0.0,"b4":0.0,"b5":0.0,"b6":0.0,"b7":0.0,"c1":0.0000165,"c2":4.41e-6,"c3":0.000171,"c4":3.79e-6,"d":-0.000266},"hwd":{"a1a3":null,"a4":2e-12,"a5":7.74e-10,"b1":0.0,"b2":0.0,"b3":0.0,"b4":0.0,"b5":0.0,"b6":0.0,"b7":0.0,"c1":1e-11,"c2":3e-12,"c3":2.7e-11,"c4":2.7e-11,"d":-3.92e-10},"nhwd":{"a1a3":null,"a4":9.61e-6,"a5":0.00435,"b1":0.0,"b2":0.0,"b3":0.0,"b4":0.0,"b5":0.0,"b6":0.0,"b7":0.0,"c1":0.000026,"c2":0.0000103,"c3":0.00207,"c4":0.144,"d":-0.000504},"rwd":{"a1a3":null,"a4":1.09e-7,"a5":0.0000347,"b1":0.0,"b2":0.0,"b3":0.0,"b4":0.0,"b5":0.0,"b6":0.0,"b7":0.0,"c1":5.47e-6,"c2":8.35e-8,"c3":0.0000104,"c4":1.54e-6,"d":-0.0000452},"cru":{"a1a3":null,"a4":0.0,"a5":0.0,"b1":0.0,"b2":0.0,"b3":0.0,"b4":0.0,"b5":0.0,"b6":0.0,"b7":0.0,"c1":0.0,"c2":0.0,"c3":0.0,"c4":0.0,"d":0.0},"mfr":{"a1a3":null,"a4":0.0,"a5":0.000672,"b1":0.0,"b2":0.0,"b3":0.0,"b4":0.0,"b5":0.0,"b6":0.0,"b7":0.0,"c1":0.0,"c2":0.0,"c3":0.0221,"c4":0.0,"d":0.0},"mer":{"a1a3":null,"a4":0.0,"a5":0.0,"b1":0.0,"b2":0.0,"b3":0.0,"b4":0.0,"b5":0.0,"b6":0.0,"b7":0.0,"c1":0.0,"c2":0.0,"c3":0.0,"c4":0.0,"d":0.0},"eee":{"a1a3":null,"a4":0.0,"a5":0.00616,"b1":0.0,"b2":0.0,"b3":0.0,"b4":0.0,"b5":0.0,"b6":0.0,"b7":0.0,"c1":0.0,"c2":0.0,"c3":0.108,"c4":0.0,"d":0.0},"eet":{"a1a3":null,"a4":0.0,"a5":0.00767,"b1":0.0,"b2":0.0,"b3":0.0,"b4":0.0,"b5":0.0,"b6":0.0,"b7":0.0,"c1":0.0,"c2":0.0,"c3":0.183,"c4":0.0,"d":0.0},"meta_data":null}