{"id":"e738a4e6-3b9d-4177-a80c-da171f47b391","name":"PORCELAIN STONEWARE SLABS 0177","declared_unit":"M2","version":"1.1","published_date":1546300800,"valid_until":1767225600,"format_version":"1.1.5","source":null,"reference_service_life":null,"standard":"EN15804A1","comment":null,"location":"GLO","subtype":"Generic","conversions":[{"value":18.8,"to":"KG","meta_data":"{\"name\":\"grammage\",\"value\":\"18.8\",\"unit\":\"kg/m^2\",\"unitDescription\":\"kilograms per square metre\"}"}],"gwp":{"a1a3":10.8,"a4":0.522,"a5":49.7,"b1":0.0,"b2":0.0132,"b3":0.0,"b4":0.0,"b5":0.0,"b6":0.0,"b7":0.0,"c1":0.0,"c2":0.0899,"c3":0.0439,"c4":0.111,"d":-0.0406},"odp":{"a1a3":7.23e-13,"a4":1.2e-16,"a5":2.24e-12,"b1":0.0,"b2":6.32e-16,"b3":0.0,"b4":0.0,"b5":0.0,"b6":0.0,"b7":0.0,"c1":0.0,"c2":1.5e-17,"c3":1.98e-14,"c4":6.44e-16,"d":-8.16e-16},"ap":{"a1a3":0.0448,"a4":0.00272,"a5":-0.00412,"b1":0.0,"b2":0.0000165,"b3":0.0,"b4":0.0,"b5":0.0,"b6":0.0,"b7":0.0,"c1":0.0,"c2":0.000387,"c3":0.000314,"c4":0.000665,"d":-0.000189},"ep":{"a1a3":0.00529,"a4":0.000335,"a5":0.00288,"b1":0.0,"b2":0.0000269,"b3":0.0,"b4":0.0,"b5":0.0,"b6":0.0,"b7":0.0,"c1":0.0,"c2":0.0000983,"c3":0.0000755,"c4":0.0000754,"d":-0.0000376},"pocp":{"a1a3":0.0029,"a4":0.000133,"a5":0.00738,"b1":0.0,"b2":2.66e-6,"b3":0.0,"b4":0.0,"b5":0.0,"b6":0.0,"b7":0.0,"c1":0.0,"c2":-0.00016,"c3":0.0000342,"c4":0.000051,"d":-0.0000171},"adpe":{"a1a3":0.00136,"a4":4.09e-8,"a5":0.0000909,"b1":0.0,"b2":5.03e-9,"b3":0.0,"b4":0.0,"b5":0.0,"b6":0.0,"b7":0.0,"c1":0.0,"c2":6.98e-9,"c3":5.8e-8,"c4":4.08e-8,"d":-1.34e-8},"adpf":{"a1a3":219.0,"a4":6.98,"a5":-99.8,"b1":0.0,"b2":0.181,"b3":0.0,"b4":0.0,"b5":0.0,"b6":0.0,"b7":0.0,"c1":0.0,"c2":1.23,"c3":0.854,"c4":1.55,"d":-0.488},"penre":{"a1a3":225.0,"a4":7.01,"a5":-136.0,"b1":0.0,"b2":0.193,"b3":0.0,"b4":0.0,"b5":0.0,"b6":0.0,"b7":0.0,"c1":0.0,"c2":1.23,"c3":0.889,"c4":1.61,"d":-0.549},"pere":{"a1a3":-600.0,"a4":0.364,"a5":607.0,"b1":0.0,"b2":0.0166,"b3":0.0,"b4":0.0,"b5":0.0,"b6":0.0,"b7":0.0,"c1":0.0,"c2":0.0714,"c3":0.0597,"c4":0.204,"d":-0.159},"perm":{"a1a3":680.0,"a4":0.0,"a5":-724.0,"b1":0.0,"b2":0.0,"b3":0.0,"b4":0.0,"b5":0.0,"b6":0.0,"b7":0.0,"c1":0.0,"c2":0.0,"c3":0.0,"c4":0.0,"d":0.0},"pert":{"a1a3":79.5,"a4":0.364,"a5":-29.1,"b1":0.0,"b2":0.0166,"b3":0.0,"b4":0.0,"b5":0.0,"b6":0.0,"b7":0.0,"c1":0.0,"c2":0.0714,"c3":0.0597,"c4":0.204,"d":-0.159},"penrt":{"a1a3":227.0,"a4":7.01,"a5":-138.0,"b1":0.0,"b2":0.193,"b3":0.0,"b4":0.0,"b5":0.0,"b6":0.0,"b7":0.0,"c1":0.0,"c2":1.23,"c3":0.889,"c4":1.61,"d":-0.549},"penrm":{"a1a3":1.88,"a4":0.0,"a5":-2.0,"b1":0.0,"b2":0.0,"b3":0.0,"b4":0.0,"b5":0.0,"b6":0.0,"b7":0.0,"c1":0.0,"c2":0.0,"c3":0.0,"c4":0.0,"d":0.0},"sm":{"a1a3":1.37,"a4":0.0,"a5":0.246,"b1":0.0,"b2":0.0,"b3":0.0,"b4":0.0,"b5":0.0,"b6":0.0,"b7":0.0,"c1":0.0,"c2":0.0,"c3":0.0,"c4":0.0,"d":16.9},"rsf":{"a1a3":0.0,"a4":0.0,"a5":0.0,"b1":0.0,"b2":0.0,"b3":0.0,"b4":0.0,"b5":0.0,"b6":0.0,"b7":0.0,"c1":0.0,"c2":0.0,"c3":0.0,"c4":0.0,"d":0.0},"nrsf":{"a1a3":0.0,"a4":0.0,"a5":0.0,"b1":0.0,"b2":0.0,"b3":0.0,"b4":0.0,"b5":0.0,"b6":0.0,"b7":0.0,"c1":0.0,"c2":0.0,"c3":0.0,"c4":0.0,"d":0.0},"fw":{"a1a3":0.482,"a4":0.000614,"a5":0.0513,"b1":0.0,"b2":0.0000637,"b3":0.0,"b4":0.0,"b5":0.0,"b6":0.0,"b7":0.0,"c1":0.0,"c2":0.000121,"c3":0.00027,"c4":0.000405,"d":-0.000119},"hwd":{"a1a3":1.03e-6,"a4":3.38e-7,"a5":2.44e-7,"b1":0.0,"b2":1.34e-10,"b3":0.0,"b4":0.0,"b5":0.0,"b6":0.0,"b7":0.0,"c1":0.0,"c2":6.88e-8,"c3":2.87e-8,"c4":2.74e-8,"d":-1.18e-8},"nhwd":{"a1a3":0.526,"a4":0.000519,"a5":14.8,"b1":0.0,"b2":0.00507,"b3":0.0,"b4":0.0,"b5":0.0,"b6":0.0,"b7":0.0,"c1":0.0,"c2":0.0001,"c3":0.000188,"c4":7.46,"d":-0.703},"rwd":{"a1a3":0.00318,"a4":0.0000136,"a5":-0.0152,"b1":0.0,"b2":4.78e-6,"b3":0.0,"b4":0.0,"b5":0.0,"b6":0.0,"b7":0.0,"c1":0.0,"c2":1.67e-6,"c3":0.0000136,"c4":0.0000216,"d":-0.0000238},"cru":{"a1a3":0.0,"a4":0.0,"a5":22.6,"b1":0.0,"b2":0.0,"b3":0.0,"b4":0.0,"b5":0.0,"b6":0.0,"b7":0.0,"c1":0.0,"c2":0.0,"c3":0.0,"c4":0.0,"d":0.0},"mfr":{"a1a3":1.71,"a4":0.0,"a5":0.284,"b1":0.0,"b2":0.0,"b3":0.0,"b4":0.0,"b5":0.0,"b6":0.0,"b7":0.0,"c1":0.0,"c2":0.0,"c3":17.4,"c4":0.0,"d":0.0},"mer":{"a1a3":0.0,"a4":0.0,"a5":0.0,"b1":0.0,"b2":0.0,"b3":0.0,"b4":0.0,"b5":0.0,"b6":0.0,"b7":0.0,"c1":0.0,"c2":0.0,"c3":0.0,"c4":0.0,"d":0.0},"eee":{"a1a3":0.0,"a4":0.0,"a5":48.2,"b1":0.0,"b2":0.0,"b3":0.0,"b4":0.0,"b5":0.0,"b6":0.0,"b7":0.0,"c1":0.0,"c2":0.0,"c3":0.0,"c4":0.0,"d":0.0},"eet":{"a1a3":0.0,"a4":0.0,"a5":63.9,"b1":0.0,"b2":0.0,"b3":0.0,"b4":0.0,"b5":0.0,"b6":0.0,"b7":0.0,"c1":0.0,"c2":0.0,"c3":0.0,"c4":0.0,"d":0.0},"meta_data":null}