{"id":"eb025cbe-7b99-4278-b6c8-2abb5f1e7a5f","name":"Cemento di Caravate","declared_unit":"M3","version":"1.1","published_date":1609459200,"valid_until":1798761600,"format_version":"1.1.5","source":null,"reference_service_life":null,"standard":"EN15804A2","comment":null,"location":"IT","subtype":"Specific","conversions":[],"gwp":{"a1a3":272.0,"a4":9.73,"a5":6.68,"b1":null,"b2":null,"b3":null,"b4":null,"b5":null,"b6":null,"b7":null,"c1":13.1,"c2":42.2,"c3":3.24,"c4":0.000428,"d":-13.8},"odp":{"a1a3":0.0000117,"a4":2.08e-6,"a5":1.42e-6,"b1":null,"b2":null,"b3":null,"b4":null,"b5":null,"b6":null,"b7":null,"c1":2.78e-6,"c2":9.16e-6,"c3":6.37e-7,"c4":2.1e-10,"d":-1.62e-6},"ap":{"a1a3":0.467,"a4":0.135,"a5":0.0918,"b1":null,"b2":null,"b3":null,"b4":null,"b5":null,"b6":null,"b7":null,"c1":0.18,"c2":0.498,"c3":0.0371,"c4":4.94e-6,"d":-0.0756},"ep":null,"pocp":{"a1a3":0.467,"a4":0.135,"a5":0.0918,"b1":null,"b2":null,"b3":null,"b4":null,"b5":null,"b6":null,"b7":null,"c1":0.18,"c2":0.498,"c3":0.0371,"c4":4.94e-6,"d":-0.0756},"adpe":{"a1a3":0.000234,"a4":5e-6,"a5":3.52e-6,"b1":null,"b2":null,"b3":null,"b4":null,"b5":null,"b6":null,"b7":null,"c1":7e-6,"c2":0.000047,"c3":2.62e-6,"c4":8.28e-10,"d":-0.000168},"adpf":{"a1a3":987.0,"a4":133.0,"a5":91.7,"b1":null,"b2":null,"b3":null,"b4":null,"b5":null,"b6":null,"b7":null,"c1":179.0,"c2":590.0,"c3":45.6,"c4":0.0137,"d":-174.0},"penre":{"a1a3":1180.0,"a4":142.0,"a5":97.4,"b1":null,"b2":null,"b3":null,"b4":null,"b5":null,"b6":null,"b7":null,"c1":190.0,"c2":627.0,"c3":48.6,"c4":0.0146,"d":-186.0},"pere":{"a1a3":126.0,"a4":0.75,"a5":0.555,"b1":null,"b2":null,"b3":null,"b4":null,"b5":null,"b6":null,"b7":null,"c1":1.06,"c2":4.42,"c3":0.678,"c4":0.00028,"d":-8.14},"perm":{"a1a3":2.18,"a4":0.162,"a5":0.117,"b1":null,"b2":null,"b3":null,"b4":null,"b5":null,"b6":null,"b7":null,"c1":0.227,"c2":0.987,"c3":0.115,"c4":0.000118,"d":-1.98},"pert":{"a1a3":129.0,"a4":0.912,"a5":0.672,"b1":null,"b2":null,"b3":null,"b4":null,"b5":null,"b6":null,"b7":null,"c1":1.29,"c2":5.4,"c3":0.792,"c4":0.000398,"d":-10.1},"penrt":{"a1a3":1180.0,"a4":142.0,"a5":97.4,"b1":null,"b2":null,"b3":null,"b4":null,"b5":null,"b6":null,"b7":null,"c1":190.0,"c2":627.0,"c3":48.6,"c4":0.0146,"d":-186.0},"penrm":{"a1a3":0.0,"a4":0.0,"a5":0.0,"b1":null,"b2":null,"b3":null,"b4":null,"b5":null,"b6":null,"b7":null,"c1":0.0,"c2":0.0,"c3":0.0,"c4":0.0,"d":0.0},"sm":{"a1a3":20.5,"a4":0.0,"a5":0.0,"b1":null,"b2":null,"b3":null,"b4":null,"b5":null,"b6":null,"b7":null,"c1":0.0,"c2":0.0,"c3":0.0,"c4":0.0,"d":0.0},"rsf":{"a1a3":9.89,"a4":0.0,"a5":0.0,"b1":null,"b2":null,"b3":null,"b4":null,"b5":null,"b6":null,"b7":null,"c1":0.0,"c2":0.0,"c3":0.0,"c4":0.0,"d":0.0},"nrsf":{"a1a3":17.4,"a4":0.0,"a5":0.0,"b1":null,"b2":null,"b3":null,"b4":null,"b5":null,"b6":null,"b7":null,"c1":0.0,"c2":0.0,"c3":0.0,"c4":0.0,"d":0.0},"fw":{"a1a3":45.2,"a4":0.00672,"a5":0.015,"b1":null,"b2":null,"b3":null,"b4":null,"b5":null,"b6":null,"b7":null,"c1":0.288,"c2":0.0367,"c3":0.103,"c4":0.0000165,"d":-0.773},"hwd":{"a1a3":0.0154,"a4":0.000365,"a5":0.00025,"b1":null,"b2":null,"b3":null,"b4":null,"b5":null,"b6":null,"b7":null,"c1":0.00049,"c2":0.0016,"c3":0.00011,"c4":1.52e-8,"d":-0.000598},"nhwd":{"a1a3":206.0,"a4":0.178,"a5":0.123,"b1":null,"b2":null,"b3":null,"b4":null,"b5":null,"b6":null,"b7":null,"c1":0.251,"c2":7.27,"c3":0.0714,"c4":0.0999,"d":-1.97},"rwd":{"a1a3":0.0019,"a4":0.00092,"a5":0.000629,"b1":null,"b2":null,"b3":null,"b4":null,"b5":null,"b6":null,"b7":null,"c1":0.00123,"c2":0.00405,"c3":0.000275,"c4":9.25e-8,"d":-0.000671},"cru":{"a1a3":0.0,"a4":0.0,"a5":0.0,"b1":null,"b2":null,"b3":null,"b4":null,"b5":null,"b6":null,"b7":null,"c1":0.0,"c2":0.0,"c3":0.0,"c4":0.0,"d":0.0},"mfr":{"a1a3":0.0,"a4":0.0,"a5":0.0,"b1":null,"b2":null,"b3":null,"b4":null,"b5":null,"b6":null,"b7":null,"c1":0.0,"c2":0.0,"c3":0.0,"c4":0.0,"d":0.0},"mer":{"a1a3":0.0,"a4":0.0,"a5":0.0,"b1":null,"b2":null,"b3":null,"b4":null,"b5":null,"b6":null,"b7":null,"c1":0.0,"c2":0.0,"c3":0.0,"c4":0.0,"d":0.0},"eee":{"a1a3":0.0,"a4":0.0,"a5":0.0,"b1":null,"b2":null,"b3":null,"b4":null,"b5":null,"b6":null,"b7":null,"c1":0.0,"c2":0.0,"c3":0.0,"c4":0.0,"d":0.0},"eet":{"a1a3":0.0,"a4":0.0,"a5":0.0,"b1":null,"b2":null,"b3":null,"b4":null,"b5":null,"b6":null,"b7":null,"c1":0.0,"c2":0.0,"c3":0.0,"c4":0.0,"d":0.0},"meta_data":null}