{"id":"eb08b38b-83db-4684-801e-a0299c828fcb","name":"CERAMIC TILES - Sassuolo","declared_unit":"M2","version":"1.1","published_date":1514764800,"valid_until":1704067200,"format_version":"1.1.5","source":null,"reference_service_life":null,"standard":"EN15804A1","comment":null,"location":"GLO","subtype":"Generic","conversions":[{"value":30.426,"to":"KG","meta_data":"{\"name\":\"grammage\",\"value\":\"30.426\",\"unit\":\"kg/m^2\",\"unitDescription\":\"kilograms per square metre\"}"}],"gwp":{"a1a3":17.9,"a4":0.748,"a5":3.03,"b1":null,"b2":0.0333,"b3":null,"b4":null,"b5":null,"b6":null,"b7":null,"c1":null,"c2":0.131,"c3":0.0644,"c4":0.174,"d":-0.248},"odp":{"a1a3":1.91e-11,"a4":2.86e-14,"a5":7.26e-12,"b1":null,"b2":6.69e-15,"b3":null,"b4":null,"b5":null,"b6":null,"b7":null,"c1":null,"c2":3.6e-15,"c3":2.9e-14,"c4":3.94e-14,"d":-1.42e-12},"ap":{"a1a3":0.0566,"a4":0.00431,"a5":0.00629,"b1":null,"b2":0.0000364,"b3":null,"b4":null,"b5":null,"b6":null,"b7":null,"c1":null,"c2":0.000564,"c3":0.00046,"c4":0.00103,"d":-0.000797},"ep":{"a1a3":0.00497,"a4":0.000504,"a5":0.000979,"b1":null,"b2":0.0000401,"b3":null,"b4":null,"b5":null,"b6":null,"b7":null,"c1":null,"c2":0.000144,"c3":0.000111,"c4":0.000142,"d":-0.000139},"pocp":{"a1a3":0.00295,"a4":0.000212,"a5":0.000409,"b1":null,"b2":3.54e-6,"b3":null,"b4":null,"b5":null,"b6":null,"b7":null,"c1":null,"c2":-0.000235,"c3":0.0000502,"c4":0.00008,"d":-0.0000829},"adpe":{"a1a3":0.00984,"a4":5.83e-8,"a5":0.000644,"b1":null,"b2":1.28e-9,"b3":null,"b4":null,"b5":null,"b6":null,"b7":null,"c1":null,"c2":1.08e-8,"c3":8.5e-8,"c4":6.68e-8,"d":-1.3e-7},"adpf":{"a1a3":279.0,"a4":9.99,"a5":27.7,"b1":null,"b2":0.184,"b3":null,"b4":null,"b5":null,"b6":null,"b7":null,"c1":null,"c2":1.79,"c3":1.25,"c4":2.25,"d":-5.09},"penre":{"a1a3":290.0,"a4":10.0,"a5":30.6,"b1":null,"b2":0.197,"b3":null,"b4":null,"b5":null,"b6":null,"b7":null,"c1":null,"c2":1.8,"c3":1.3,"c4":2.33,"d":-6.2},"pere":{"a1a3":64.6,"a4":0.448,"a5":24.2,"b1":null,"b2":0.0156,"b3":null,"b4":null,"b5":null,"b6":null,"b7":null,"c1":null,"c2":0.0992,"c3":0.0875,"c4":0.289,"d":-3.52},"perm":{"a1a3":12.3,"a4":0.0,"a5":-13.1,"b1":null,"b2":0.0,"b3":null,"b4":null,"b5":null,"b6":null,"b7":null,"c1":null,"c2":0.0,"c3":0.0,"c4":0.0,"d":0.0},"pert":{"a1a3":77.0,"a4":0.448,"a5":12.7,"b1":null,"b2":0.0156,"b3":null,"b4":null,"b5":null,"b6":null,"b7":null,"c1":null,"c2":0.0992,"c3":0.0875,"c4":0.289,"d":-3.52},"penrt":{"a1a3":292.0,"a4":10.0,"a5":29.3,"b1":null,"b2":0.197,"b3":null,"b4":null,"b5":null,"b6":null,"b7":null,"c1":null,"c2":1.8,"c3":1.3,"c4":2.33,"d":-6.02},"penrm":{"a1a3":1.34,"a4":0.0,"a5":-1.42,"b1":null,"b2":0.0,"b3":null,"b4":null,"b5":null,"b6":null,"b7":null,"c1":null,"c2":0.0,"c3":0.0,"c4":0.0,"d":0.0},"sm":{"a1a3":2.03,"a4":0.0,"a5":0.132,"b1":null,"b2":0.0,"b3":null,"b4":null,"b5":null,"b6":null,"b7":null,"c1":null,"c2":0.0,"c3":0.0,"c4":0.0,"d":23.0},"rsf":{"a1a3":0.0,"a4":0.0,"a5":0.0,"b1":null,"b2":0.0,"b3":null,"b4":null,"b5":null,"b6":null,"b7":null,"c1":null,"c2":0.0,"c3":0.0,"c4":0.0,"d":0.0},"nrsf":{"a1a3":0.0,"a4":0.0,"a5":0.0,"b1":null,"b2":0.0,"b3":null,"b4":null,"b5":null,"b6":null,"b7":null,"c1":null,"c2":0.0,"c3":0.0,"c4":0.0,"d":0.0},"fw":{"a1a3":0.313,"a4":0.000826,"a5":0.0259,"b1":null,"b2":0.000263,"b3":null,"b4":null,"b5":null,"b6":null,"b7":null,"c1":null,"c2":0.000183,"c3":0.000395,"c4":0.000446,"d":-0.00162},"hwd":{"a1a3":1.3e-6,"a4":4.48e-7,"a5":2.82e-7,"b1":null,"b2":2.34e-10,"b3":null,"b4":null,"b5":null,"b6":null,"b7":null,"c1":null,"c2":1.04e-7,"c3":4.21e-8,"c4":4.02e-8,"d":-4.7e-8},"nhwd":{"a1a3":2.42,"a4":0.000692,"a5":2.36,"b1":null,"b2":0.00901,"b3":null,"b4":null,"b5":null,"b6":null,"b7":null,"c1":null,"c2":0.000151,"c3":0.000276,"c4":10.9,"d":-1.03},"rwd":{"a1a3":0.00839,"a4":0.0000196,"a5":0.000869,"b1":null,"b2":4.95e-6,"b3":null,"b4":null,"b5":null,"b6":null,"b7":null,"c1":null,"c2":2.46e-6,"c3":0.00002,"c4":0.0000338,"d":-0.00037},"cru":{"a1a3":0.0,"a4":0.0,"a5":0.219,"b1":null,"b2":0.0,"b3":null,"b4":null,"b5":null,"b6":null,"b7":null,"c1":null,"c2":0.0,"c3":0.0,"c4":0.0,"d":0.0},"mfr":{"a1a3":17.0,"a4":0.0,"a5":1.45,"b1":null,"b2":0.0,"b3":null,"b4":null,"b5":null,"b6":null,"b7":null,"c1":null,"c2":0.0,"c3":25.5,"c4":0.0,"d":0.0},"mer":{"a1a3":0.0,"a4":0.0,"a5":0.0,"b1":null,"b2":0.0,"b3":null,"b4":null,"b5":null,"b6":null,"b7":null,"c1":null,"c2":0.0,"c3":0.0,"c4":0.0,"d":0.0},"eee":{"a1a3":0.0,"a4":0.0,"a5":0.779,"b1":null,"b2":0.0,"b3":null,"b4":null,"b5":null,"b6":null,"b7":null,"c1":null,"c2":0.0,"c3":0.0,"c4":0.0,"d":0.0},"eet":{"a1a3":0.0,"a4":0.0,"a5":1.15,"b1":null,"b2":0.0,"b3":null,"b4":null,"b5":null,"b6":null,"b7":null,"c1":null,"c2":0.0,"c3":0.0,"c4":0.0,"d":0.0},"meta_data":null}