{"id":"ef10d779-2e6c-4f45-9aef-0043965504b4","name":"Porcelain stoneware ceramic tiles and slabs0037","declared_unit":"M2","version":"1.1","published_date":1451606400,"valid_until":1672531200,"format_version":"1.1.5","source":null,"reference_service_life":null,"standard":"EN15804A1","comment":null,"location":"GLO","subtype":"Specific","conversions":[{"value":25.6,"to":"KG","meta_data":"{\"name\":\"grammage\",\"value\":\"25.6\",\"unit\":\"kg/m^2\",\"unitDescription\":\"kilograms per square metre\"}"}],"gwp":{"a1a3":14.5,"a4":0.688,"a5":2.85,"b1":null,"b2":0.0404,"b3":null,"b4":null,"b5":null,"b6":null,"b7":null,"c1":null,"c2":0.0549,"c3":0.0531,"c4":0.144,"d":-0.241},"odp":{"a1a3":3.69e-11,"a4":2.51e-14,"a5":6.58e-12,"b1":null,"b2":7.63e-12,"b3":null,"b4":null,"b5":null,"b6":null,"b7":null,"c1":null,"c2":1.94e-15,"c3":2.39e-14,"c4":3.25e-14,"d":-1.08e-12},"ap":{"a1a3":0.0247,"a4":0.00567,"a5":0.00404,"b1":null,"b2":0.0000585,"b3":null,"b4":null,"b5":null,"b6":null,"b7":null,"c1":null,"c2":0.000241,"c3":0.000379,"c4":0.00085,"d":-0.00068},"ep":{"a1a3":0.00374,"a4":0.000631,"a5":0.000856,"b1":null,"b2":0.0000447,"b3":null,"b4":null,"b5":null,"b6":null,"b7":null,"c1":null,"c2":0.0000611,"c3":0.0000913,"c4":0.000117,"d":-0.000114},"pocp":{"a1a3":0.00251,"a4":0.000291,"a5":0.000366,"b1":null,"b2":6.56e-6,"b3":null,"b4":null,"b5":null,"b6":null,"b7":null,"c1":null,"c2":-0.0000947,"c3":0.0000414,"c4":0.000066,"d":-0.0000701},"adpe":{"a1a3":0.0000315,"a4":5e-8,"a5":6.14e-6,"b1":null,"b2":1.33e-8,"b3":null,"b4":null,"b5":null,"b6":null,"b7":null,"c1":null,"c2":5.82e-9,"c3":7.02e-8,"c4":5.51e-8,"d":-1.11e-7},"adpf":{"a1a3":235.0,"a4":9.11,"a5":23.9,"b1":null,"b2":0.346,"b3":null,"b4":null,"b5":null,"b6":null,"b7":null,"c1":null,"c2":0.965,"c3":1.03,"c4":1.85,"d":-4.53},"penre":{"a1a3":238.0,"a4":9.15,"a5":26.0,"b1":null,"b2":0.367,"b3":null,"b4":null,"b5":null,"b6":null,"b7":null,"c1":null,"c2":0.969,"c3":1.07,"c4":1.93,"d":-5.37},"pere":{"a1a3":20.5,"a4":0.372,"a5":17.8,"b1":null,"b2":0.0187,"b3":null,"b4":null,"b5":null,"b6":null,"b7":null,"c1":null,"c2":0.0534,"c3":0.0722,"c4":0.238,"d":-2.6},"perm":{"a1a3":10.5,"a4":0.0,"a5":-11.2,"b1":null,"b2":0.0,"b3":null,"b4":null,"b5":null,"b6":null,"b7":null,"c1":null,"c2":0.0,"c3":0.0,"c4":0.0,"d":0.0},"pert":{"a1a3":31.0,"a4":0.372,"a5":7.92,"b1":null,"b2":0.0187,"b3":null,"b4":null,"b5":null,"b6":null,"b7":null,"c1":null,"c2":0.0534,"c3":0.0722,"c4":0.238,"d":-2.6},"penrt":{"a1a3":239.0,"a4":9.15,"a5":24.9,"b1":null,"b2":0.367,"b3":null,"b4":null,"b5":null,"b6":null,"b7":null,"c1":null,"c2":0.969,"c3":1.07,"c4":1.93,"d":-5.37},"penrm":{"a1a3":1.18,"a4":0.0,"a5":-1.25,"b1":null,"b2":0.0,"b3":null,"b4":null,"b5":null,"b6":null,"b7":null,"c1":null,"c2":0.0,"c3":0.0,"c4":0.0,"d":0.0},"sm":{"a1a3":0.339,"a4":0.0,"a5":0.0221,"b1":null,"b2":0.0,"b3":null,"b4":null,"b5":null,"b6":null,"b7":null,"c1":null,"c2":0.0,"c3":0.0,"c4":0.0,"d":20.3},"rsf":{"a1a3":0.0,"a4":0.0,"a5":0.0,"b1":null,"b2":0.0,"b3":null,"b4":null,"b5":null,"b6":null,"b7":null,"c1":null,"c2":0.0,"c3":0.0,"c4":0.0,"d":0.0},"nrsf":{"a1a3":0.0,"a4":0.0,"a5":0.0,"b1":null,"b2":0.0,"b3":null,"b4":null,"b5":null,"b6":null,"b7":null,"c1":null,"c2":0.0,"c3":0.0,"c4":0.0,"d":0.0},"fw":{"a1a3":0.0232,"a4":0.000687,"a5":0.00626,"b1":null,"b2":0.000284,"b3":null,"b4":null,"b5":null,"b6":null,"b7":null,"c1":null,"c2":0.0000985,"c3":0.000326,"c4":0.0003684,"d":-0.00141},"hwd":{"a1a3":0.000912,"a4":3.7e-7,"a5":0.0000594,"b1":null,"b2":0.00254,"b3":null,"b4":null,"b5":null,"b6":null,"b7":null,"c1":null,"c2":5.6e-8,"c3":3.47e-8,"c4":3.31e-8,"d":-3.5e-8},"nhwd":{"a1a3":0.947,"a4":0.000576,"a5":1.94,"b1":null,"b2":0.00572,"b3":null,"b4":null,"b5":null,"b6":null,"b7":null,"c1":null,"c2":0.0000812,"c3":0.000228,"c4":9.03,"d":-0.853},"rwd":{"a1a3":0.00162,"a4":0.0000172,"a5":0.000408,"b1":null,"b2":8.51e-6,"b3":null,"b4":null,"b5":null,"b6":null,"b7":null,"c1":null,"c2":1.33e-6,"c3":0.0000165,"c4":0.0000279,"d":-0.000334},"cru":{"a1a3":0.0,"a4":0.0,"a5":0.214,"b1":null,"b2":0.0,"b3":null,"b4":null,"b5":null,"b6":null,"b7":null,"c1":null,"c2":0.0,"c3":0.0,"c4":0.0,"d":0.0},"mfr":{"a1a3":0.0,"a4":0.0,"a5":0.239,"b1":null,"b2":0.0,"b3":null,"b4":null,"b5":null,"b6":null,"b7":null,"c1":null,"c2":0.0,"c3":21.0,"c4":0.0,"d":0.0},"mer":{"a1a3":0.0,"a4":0.0,"a5":0.0,"b1":null,"b2":0.0,"b3":null,"b4":null,"b5":null,"b6":null,"b7":null,"c1":null,"c2":0.0,"c3":0.0,"c4":0.0,"d":0.0},"eee":{"a1a3":0.0,"a4":0.0,"a5":0.729,"b1":null,"b2":0.0,"b3":null,"b4":null,"b5":null,"b6":null,"b7":null,"c1":null,"c2":0.0,"c3":0.0,"c4":0.0,"d":0.0},"eet":{"a1a3":0.0,"a4":0.0,"a5":1.07,"b1":null,"b2":0.0,"b3":null,"b4":null,"b5":null,"b6":null,"b7":null,"c1":null,"c2":0.0,"c3":0.0,"c4":0.0,"d":0.0},"meta_data":null}