{"id":"ef61b12b-5357-4c12-b693-8d6c69a3b460","name":"Blackfire®","declared_unit":"M","version":"1.1","published_date":1546300800,"valid_until":1798761600,"format_version":"1.1.5","source":null,"reference_service_life":null,"standard":"EN15804A2","comment":null,"location":"GLO","subtype":"Generic","conversions":[],"gwp":{"a1a3":null,"a4":0.904,"a5":7.51,"b1":0.0,"b2":0.0,"b3":0.0,"b4":0.0,"b5":0.0,"b6":0.0,"b7":0.0,"c1":0.207,"c2":0.547,"c3":9.0,"c4":1.19,"d":-6.41},"odp":{"a1a3":null,"a4":1.59e-16,"a5":1.33e-14,"b1":0.0,"b2":0.0,"b3":0.0,"b4":0.0,"b5":0.0,"b6":0.0,"b7":0.0,"c1":4.91e-15,"c2":9.63e-17,"c3":2.29e-15,"c4":2.84e-15,"d":-5.6e-14},"ap":{"a1a3":null,"a4":0.000979,"a5":0.0044,"b1":0.0,"b2":0.0,"b3":0.0,"b4":0.0,"b5":0.0,"b6":0.0,"b7":0.0,"c1":0.000275,"c2":0.000441,"c3":0.000997,"c4":0.00254,"d":-0.00836},"ep":null,"pocp":{"a1a3":null,"a4":0.000979,"a5":0.0044,"b1":0.0,"b2":0.0,"b3":0.0,"b4":0.0,"b5":0.0,"b6":0.0,"b7":0.0,"c1":0.000275,"c2":0.000441,"c3":0.000997,"c4":0.00254,"d":-0.00836},"adpe":{"a1a3":null,"a4":4.19e-8,"a5":0.0000182,"b1":0.0,"b2":0.0,"b3":0.0,"b4":0.0,"b5":0.0,"b6":0.0,"b7":0.0,"c1":6.03e-8,"c2":2.54e-8,"c3":1.08e-7,"c4":7.75e-8,"d":-9.51e-7},"adpf":{"a1a3":null,"a4":12.2,"a5":35.9,"b1":0.0,"b2":0.0,"b3":0.0,"b4":0.0,"b5":0.0,"b6":0.0,"b7":0.0,"c1":3.65,"c2":7.4,"c3":7.39,"c4":15.8,"d":-141.0},"penre":{"a1a3":null,"a4":12.3,"a5":27.5,"b1":0.0,"b2":0.0,"b3":0.0,"b4":0.0,"b5":0.0,"b6":0.0,"b7":0.0,"c1":3.65,"c2":7.42,"c3":122.0,"c4":15.8,"d":-141.0},"pere":{"a1a3":null,"a4":0.0648,"a5":9.47,"b1":0.0,"b2":0.0,"b3":0.0,"b4":0.0,"b5":0.0,"b6":0.0,"b7":0.0,"c1":1.68,"c2":0.0394,"c3":1.1,"c4":1.19,"d":-19.3},"perm":{"a1a3":null,"a4":0.0,"a5":-2.81,"b1":0.0,"b2":0.0,"b3":0.0,"b4":0.0,"b5":0.0,"b6":0.0,"b7":0.0,"c1":0.0,"c2":0.0,"c3":0.0,"c4":0.0,"d":0.0},"pert":{"a1a3":null,"a4":0.0648,"a5":6.66,"b1":0.0,"b2":0.0,"b3":0.0,"b4":0.0,"b5":0.0,"b6":0.0,"b7":0.0,"c1":1.68,"c2":0.0394,"c3":1.1,"c4":1.19,"d":-19.3},"penrt":{"a1a3":null,"a4":12.3,"a5":35.9,"b1":0.0,"b2":0.0,"b3":0.0,"b4":0.0,"b5":0.0,"b6":0.0,"b7":0.0,"c1":3.65,"c2":7.42,"c3":7.4,"c4":15.8,"d":-141.0},"penrm":{"a1a3":null,"a4":0.0,"a5":8.41,"b1":0.0,"b2":0.0,"b3":0.0,"b4":0.0,"b5":0.0,"b6":0.0,"b7":0.0,"c1":0.0,"c2":0.0,"c3":-115.0,"c4":0.0,"d":0.0},"sm":{"a1a3":null,"a4":0.0,"a5":0.0246,"b1":0.0,"b2":0.0,"b3":0.0,"b4":0.0,"b5":0.0,"b6":0.0,"b7":0.0,"c1":0.0,"c2":0.0,"c3":0.0,"c4":0.0,"d":0.0},"rsf":{"a1a3":null,"a4":0.0,"a5":0.0,"b1":0.0,"b2":0.0,"b3":0.0,"b4":0.0,"b5":0.0,"b6":0.0,"b7":0.0,"c1":0.0,"c2":0.0,"c3":0.0,"c4":0.0,"d":0.0},"nrsf":{"a1a3":null,"a4":0.0,"a5":0.0,"b1":0.0,"b2":0.0,"b3":0.0,"b4":0.0,"b5":0.0,"b6":0.0,"b7":0.0,"c1":0.0,"c2":0.0,"c3":0.0,"c4":0.0,"d":0.0},"fw":{"a1a3":null,"a4":0.0000934,"a5":0.0124,"b1":0.0,"b2":0.0,"b3":0.0,"b4":0.0,"b5":0.0,"b6":0.0,"b7":0.0,"c1":0.00164,"c2":0.0000567,"c3":0.0205,"c4":0.000222,"d":-0.0248},"hwd":{"a1a3":null,"a4":1.17e-10,"a5":9.85e-8,"b1":0.0,"b2":0.0,"b3":0.0,"b4":0.0,"b5":0.0,"b6":0.0,"b7":0.0,"c1":9.65e-10,"c2":7.1e-11,"c3":7.49e-10,"c4":2.86e-9,"d":-2.92e-8},"nhwd":{"a1a3":null,"a4":0.00133,"a5":1.46,"b1":0.0,"b2":0.0,"b3":0.0,"b4":0.0,"b5":0.0,"b6":0.0,"b7":0.0,"c1":0.00259,"c2":0.000808,"c3":0.207,"c4":14.8,"d":-0.0482},"rwd":{"a1a3":null,"a4":0.0000201,"a5":0.000703,"b1":0.0,"b2":0.0,"b3":0.0,"b4":0.0,"b5":0.0,"b6":0.0,"b7":0.0,"c1":0.000543,"c2":0.0000122,"c3":0.000474,"c4":0.000187,"d":-0.00618},"cru":{"a1a3":null,"a4":0.0,"a5":0.0,"b1":0.0,"b2":0.0,"b3":0.0,"b4":0.0,"b5":0.0,"b6":0.0,"b7":0.0,"c1":0.0,"c2":0.0,"c3":0.0,"c4":0.0,"d":0.0},"mfr":{"a1a3":null,"a4":0.0,"a5":0.787,"b1":0.0,"b2":0.0,"b3":0.0,"b4":0.0,"b5":0.0,"b6":0.0,"b7":0.0,"c1":0.0,"c2":0.0,"c3":0.917,"c4":0.0,"d":0.0},"mer":{"a1a3":null,"a4":0.0,"a5":0.0,"b1":0.0,"b2":0.0,"b3":0.0,"b4":0.0,"b5":0.0,"b6":0.0,"b7":0.0,"c1":0.0,"c2":0.0,"c3":0.0,"c4":0.0,"d":0.0},"eee":{"a1a3":null,"a4":0.0,"a5":1.21,"b1":0.0,"b2":0.0,"b3":0.0,"b4":0.0,"b5":0.0,"b6":0.0,"b7":0.0,"c1":0.0,"c2":0.0,"c3":18.1,"c4":0.0,"d":0.0},"eet":{"a1a3":null,"a4":0.0,"a5":1.32,"b1":0.0,"b2":0.0,"b3":0.0,"b4":0.0,"b5":0.0,"b6":0.0,"b7":0.0,"c1":0.0,"c2":0.0,"c3":32.5,"c4":0.0,"d":0.0},"meta_data":null}