{"id":"fc4ffb8a-7390-4402-985f-d2e9f64b105c","name":"Air, wind and water barrier membranes and Vapor control layers: TRASPIR 110","declared_unit":"M2","version":"1.1","published_date":1609459200,"valid_until":1767225600,"format_version":"1.1.5","source":null,"reference_service_life":null,"standard":"EN15804A2","comment":null,"location":"IT","subtype":"Specific","conversions":[],"gwp":{"a1a3":null,"a4":0.0189,"a5":0.0884,"b1":0.0,"b2":0.0,"b3":0.0,"b4":0.0,"b5":0.0,"b6":0.0,"b7":0.0,"c1":0.00125,"c2":0.00313,"c3":0.0643,"c4":0.00643,"d":-0.057},"odp":{"a1a3":null,"a4":0.0,"a5":0.0,"b1":0.0,"b2":0.0,"b3":0.0,"b4":0.0,"b5":0.0,"b6":0.0,"b7":0.0,"c1":0.0,"c2":0.0,"c3":0.0,"c4":0.0,"d":0.0},"ap":{"a1a3":null,"a4":0.000284,"a5":0.000124,"b1":0.0,"b2":0.0,"b3":0.0,"b4":0.0,"b5":0.0,"b6":0.0,"b7":0.0,"c1":2.58e-6,"c2":8.82e-6,"c3":0.0000111,"c4":0.0000194,"d":-0.000089},"ep":null,"pocp":{"a1a3":null,"a4":0.000211,"a5":0.00013,"b1":0.0,"b2":0.0,"b3":0.0,"b4":0.0,"b5":0.0,"b6":0.0,"b7":0.0,"c1":1.66e-6,"c2":7.88e-6,"c3":7.74e-6,"c4":0.0000141,"d":-0.0000849},"adpe":{"a1a3":null,"a4":1.29e-9,"a5":2.52e-8,"b1":0.0,"b2":0.0,"b3":0.0,"b4":0.0,"b5":0.0,"b6":0.0,"b7":0.0,"c1":3.65e-10,"c2":2.37e-10,"c3":6.98e-10,"c4":4.45e-10,"d":-8.15e-9},"adpf":{"a1a3":null,"a4":0.242,"a5":1.79,"b1":0.0,"b2":0.0,"b3":0.0,"b4":0.0,"b5":0.0,"b6":0.0,"b7":0.0,"c1":0.0221,"c2":0.0415,"c3":0.0629,"c4":0.0943,"d":-1.42},"penre":{"a1a3":null,"a4":0.243,"a5":0.915,"b1":0.0,"b2":0.0,"b3":0.0,"b4":0.0,"b5":0.0,"b6":0.0,"b7":0.0,"c1":0.0221,"c2":0.0415,"c3":0.842,"c4":0.0943,"d":-1.42},"pere":{"a1a3":null,"a4":0.0098,"a5":0.0957,"b1":0.0,"b2":0.0,"b3":0.0,"b4":0.0,"b5":0.0,"b6":0.0,"b7":0.0,"c1":0.0102,"c2":0.00232,"c3":0.017,"c4":0.00685,"d":-0.151},"perm":{"a1a3":null,"a4":0.0,"a5":0.0103,"b1":0.0,"b2":0.0,"b3":0.0,"b4":0.0,"b5":0.0,"b6":0.0,"b7":0.0,"c1":0.0,"c2":0.0,"c3":0.0,"c4":0.0,"d":0.0},"pert":null,"penrt":{"a1a3":null,"a4":0.243,"a5":1.79,"b1":0.0,"b2":0.0,"b3":0.0,"b4":0.0,"b5":0.0,"b6":0.0,"b7":0.0,"c1":0.0221,"c2":0.0415,"c3":0.0629,"c4":0.0943,"d":-1.42},"penrm":{"a1a3":null,"a4":0.0,"a5":0.877,"b1":0.0,"b2":0.0,"b3":0.0,"b4":0.0,"b5":0.0,"b6":0.0,"b7":0.0,"c1":0.0,"c2":0.0,"c3":-0.779,"c4":0.0,"d":0.0},"sm":{"a1a3":null,"a4":0.0,"a5":0.000385,"b1":0.0,"b2":0.0,"b3":0.0,"b4":0.0,"b5":0.0,"b6":0.0,"b7":0.0,"c1":0.0,"c2":0.0,"c3":0.0,"c4":0.0,"d":0.0},"rsf":{"a1a3":null,"a4":0.0,"a5":0.0,"b1":0.0,"b2":0.0,"b3":0.0,"b4":0.0,"b5":0.0,"b6":0.0,"b7":0.0,"c1":0.0,"c2":0.0,"c3":0.0,"c4":0.0,"d":0.0},"nrsf":{"a1a3":null,"a4":0.0,"a5":0.0,"b1":0.0,"b2":0.0,"b3":0.0,"b4":0.0,"b5":0.0,"b6":0.0,"b7":0.0,"c1":0.0,"c2":0.0,"c3":0.0,"c4":0.0,"d":0.0},"fw":{"a1a3":null,"a4":0.0000114,"a5":0.000274,"b1":0.0,"b2":0.0,"b3":0.0,"b4":0.0,"b5":0.0,"b6":0.0,"b7":0.0,"c1":9.91e-6,"c2":2.65e-6,"c3":0.000149,"c4":9.07e-7,"d":-0.000234},"hwd":{"a1a3":null,"a4":9e-12,"a5":4.11e-10,"b1":0.0,"b2":0.0,"b3":0.0,"b4":0.0,"b5":0.0,"b6":0.0,"b7":0.0,"c1":6e-12,"c2":2e-12,"c3":1.4e-11,"c4":1.7e-11,"d":-2.89e-10},"nhwd":{"a1a3":null,"a4":0.0000338,"a5":0.0165,"b1":0.0,"b2":0.0,"b3":0.0,"b4":0.0,"b5":0.0,"b6":0.0,"b7":0.0,"c1":0.0000157,"c2":6.17e-6,"c3":0.000735,"c4":0.09,"d":-0.000415},"rwd":{"a1a3":null,"a4":3.87e-7,"a5":0.0000283,"b1":0.0,"b2":0.0,"b3":0.0,"b4":0.0,"b5":0.0,"b6":0.0,"b7":0.0,"c1":3.29e-6,"c2":5.03e-8,"c3":5.38e-6,"c4":1.1e-6,"d":-0.0000489},"cru":{"a1a3":null,"a4":0.0,"a5":0.0,"b1":0.0,"b2":0.0,"b3":0.0,"b4":0.0,"b5":0.0,"b6":0.0,"b7":0.0,"c1":0.0,"c2":0.0,"c3":0.0,"c4":0.0,"d":0.0},"mfr":{"a1a3":null,"a4":0.0,"a5":0.000932,"b1":0.0,"b2":0.0,"b3":0.0,"b4":0.0,"b5":0.0,"b6":0.0,"b7":0.0,"c1":0.0,"c2":0.0,"c3":0.0113,"c4":0.0,"d":0.0},"mer":{"a1a3":null,"a4":0.0,"a5":0.0,"b1":0.0,"b2":0.0,"b3":0.0,"b4":0.0,"b5":0.0,"b6":0.0,"b7":0.0,"c1":0.0,"c2":0.0,"c3":0.0,"c4":0.0,"d":0.0},"eee":{"a1a3":null,"a4":0.0,"a5":0.0212,"b1":0.0,"b2":0.0,"b3":0.0,"b4":0.0,"b5":0.0,"b6":0.0,"b7":0.0,"c1":0.0,"c2":0.0,"c3":0.121,"c4":0.0,"d":0.0},"eet":{"a1a3":null,"a4":0.0,"a5":0.0282,"b1":0.0,"b2":0.0,"b3":0.0,"b4":0.0,"b5":0.0,"b6":0.0,"b7":0.0,"c1":0.0,"c2":0.0,"c3":0.216,"c4":0.0,"d":0.0},"meta_data":null}